,window_size,hidden_dim,batch_size,learning_rate,dropout_rate,attention,score
0,10,2,4,1e-05,0.2,1,
1,10,2,4,1e-05,0.3,1,
2,10,2,4,1e-05,0.4,1,
3,10,2,4,1e-05,0.5,1,
4,10,2,4,1e-05,0.2,0,
5,10,2,4,1e-05,0.3,0,
6,10,2,4,1e-05,0.4,0,
7,10,2,4,1e-05,0.5,0,-151.23917773161708
8,10,2,4,0.0001,0.2,1,
9,10,2,4,0.0001,0.3,1,
10,10,2,4,0.0001,0.4,1,
11,10,2,4,0.0001,0.5,1,
12,10,2,4,0.0001,0.2,0,
13,10,2,4,0.0001,0.3,0,
14,10,2,4,0.0001,0.4,0,
15,10,2,4,0.0001,0.5,0,-110.00679797646582
16,10,2,4,0.001,0.2,1,
17,10,2,4,0.001,0.3,1,
18,10,2,4,0.001,0.4,1,
19,10,2,4,0.001,0.5,1,
20,10,2,4,0.001,0.2,0,
21,10,2,4,0.001,0.3,0,
22,10,2,4,0.001,0.4,0,
23,10,2,4,0.001,0.5,0,
24,10,2,4,0.01,0.2,1,
25,10,2,4,0.01,0.3,1,
26,10,2,4,0.01,0.4,1,
27,10,2,4,0.01,0.5,1,
28,10,2,4,0.01,0.2,0,
29,10,2,4,0.01,0.3,0,
30,10,2,4,0.01,0.4,0,
31,10,2,4,0.01,0.5,0,
32,10,2,8,1e-05,0.2,1,
33,10,2,8,1e-05,0.3,1,
34,10,2,8,1e-05,0.4,1,
35,10,2,8,1e-05,0.5,1,
36,10,2,8,1e-05,0.2,0,
37,10,2,8,1e-05,0.3,0,
38,10,2,8,1e-05,0.4,0,
39,10,2,8,1e-05,0.5,0,-133.65663576229898
40,10,2,8,0.0001,0.2,1,
41,10,2,8,0.0001,0.3,1,
42,10,2,8,0.0001,0.4,1,
43,10,2,8,0.0001,0.5,1,
44,10,2,8,0.0001,0.2,0,
45,10,2,8,0.0001,0.3,0,
46,10,2,8,0.0001,0.4,0,
47,10,2,8,0.0001,0.5,0,-121.05095186943969
48,10,2,8,0.001,0.2,1,
49,10,2,8,0.001,0.3,1,
50,10,2,8,0.001,0.4,1,
51,10,2,8,0.001,0.5,1,
52,10,2,8,0.001,0.2,0,
53,10,2,8,0.001,0.3,0,
54,10,2,8,0.001,0.4,0,
55,10,2,8,0.001,0.5,0,
56,10,2,8,0.01,0.2,1,
57,10,2,8,0.01,0.3,1,
58,10,2,8,0.01,0.4,1,
59,10,2,8,0.01,0.5,1,
60,10,2,8,0.01,0.2,0,
61,10,2,8,0.01,0.3,0,
62,10,2,8,0.01,0.4,0,
63,10,2,8,0.01,0.5,0,
64,10,2,16,1e-05,0.2,1,
65,10,2,16,1e-05,0.3,1,
66,10,2,16,1e-05,0.4,1,
67,10,2,16,1e-05,0.5,1,
68,10,2,16,1e-05,0.2,0,
69,10,2,16,1e-05,0.3,0,
70,10,2,16,1e-05,0.4,0,
71,10,2,16,1e-05,0.5,0,
72,10,2,16,0.0001,0.2,1,
73,10,2,16,0.0001,0.3,1,
74,10,2,16,0.0001,0.4,1,
75,10,2,16,0.0001,0.5,1,
76,10,2,16,0.0001,0.2,0,
77,10,2,16,0.0001,0.3,0,
78,10,2,16,0.0001,0.4,0,
79,10,2,16,0.0001,0.5,0,
80,10,2,16,0.001,0.2,1,
81,10,2,16,0.001,0.3,1,
82,10,2,16,0.001,0.4,1,
83,10,2,16,0.001,0.5,1,
84,10,2,16,0.001,0.2,0,
85,10,2,16,0.001,0.3,0,
86,10,2,16,0.001,0.4,0,
87,10,2,16,0.001,0.5,0,
88,10,2,16,0.01,0.2,1,
89,10,2,16,0.01,0.3,1,
90,10,2,16,0.01,0.4,1,
91,10,2,16,0.01,0.5,1,
92,10,2,16,0.01,0.2,0,
93,10,2,16,0.01,0.3,0,
94,10,2,16,0.01,0.4,0,
95,10,2,16,0.01,0.5,0,
96,10,2,32,1e-05,0.2,1,
97,10,2,32,1e-05,0.3,1,
98,10,2,32,1e-05,0.4,1,
99,10,2,32,1e-05,0.5,1,
100,10,2,32,1e-05,0.2,0,
101,10,2,32,1e-05,0.3,0,
102,10,2,32,1e-05,0.4,0,
103,10,2,32,1e-05,0.5,0,-117.84010843251494
104,10,2,32,0.0001,0.2,1,
105,10,2,32,0.0001,0.3,1,
106,10,2,32,0.0001,0.4,1,
107,10,2,32,0.0001,0.5,1,
108,10,2,32,0.0001,0.2,0,
109,10,2,32,0.0001,0.3,0,
110,10,2,32,0.0001,0.4,0,
111,10,2,32,0.0001,0.5,0,-103.5594694661786
112,10,2,32,0.001,0.2,1,
113,10,2,32,0.001,0.3,1,
114,10,2,32,0.001,0.4,1,
115,10,2,32,0.001,0.5,1,
116,10,2,32,0.001,0.2,0,
117,10,2,32,0.001,0.3,0,
118,10,2,32,0.001,0.4,0,
119,10,2,32,0.001,0.5,0,-106.31044526310686
120,10,2,32,0.01,0.2,1,
121,10,2,32,0.01,0.3,1,
122,10,2,32,0.01,0.4,1,
123,10,2,32,0.01,0.5,1,-128.12260128180705
124,10,2,32,0.01,0.2,0,
125,10,2,32,0.01,0.3,0,
126,10,2,32,0.01,0.4,0,
127,10,2,32,0.01,0.5,0,
128,10,4,4,1e-05,0.2,1,
129,10,4,4,1e-05,0.3,1,
130,10,4,4,1e-05,0.4,1,
131,10,4,4,1e-05,0.5,1,
132,10,4,4,1e-05,0.2,0,
133,10,4,4,1e-05,0.3,0,
134,10,4,4,1e-05,0.4,0,
135,10,4,4,1e-05,0.5,0,-104.50039856740564
136,10,4,4,0.0001,0.2,1,
137,10,4,4,0.0001,0.3,1,
138,10,4,4,0.0001,0.4,1,
139,10,4,4,0.0001,0.5,1,
140,10,4,4,0.0001,0.2,0,
141,10,4,4,0.0001,0.3,0,
142,10,4,4,0.0001,0.4,0,-95.61454563932931
143,10,4,4,0.0001,0.5,0,-121.0191241471181
144,10,4,4,0.001,0.2,1,
145,10,4,4,0.001,0.3,1,
146,10,4,4,0.001,0.4,1,
147,10,4,4,0.001,0.5,1,
148,10,4,4,0.001,0.2,0,
149,10,4,4,0.001,0.3,0,
150,10,4,4,0.001,0.4,0,
151,10,4,4,0.001,0.5,0,
152,10,4,4,0.01,0.2,1,
153,10,4,4,0.01,0.3,1,
154,10,4,4,0.01,0.4,1,
155,10,4,4,0.01,0.5,1,
156,10,4,4,0.01,0.2,0,
157,10,4,4,0.01,0.3,0,
158,10,4,4,0.01,0.4,0,
159,10,4,4,0.01,0.5,0,
160,10,4,8,1e-05,0.2,1,
161,10,4,8,1e-05,0.3,1,
162,10,4,8,1e-05,0.4,1,
163,10,4,8,1e-05,0.5,1,
164,10,4,8,1e-05,0.2,0,
165,10,4,8,1e-05,0.3,0,
166,10,4,8,1e-05,0.4,0,
167,10,4,8,1e-05,0.5,0,
168,10,4,8,0.0001,0.2,1,
169,10,4,8,0.0001,0.3,1,
170,10,4,8,0.0001,0.4,1,
171,10,4,8,0.0001,0.5,1,
172,10,4,8,0.0001,0.2,0,
173,10,4,8,0.0001,0.3,0,
174,10,4,8,0.0001,0.4,0,
175,10,4,8,0.0001,0.5,0,
176,10,4,8,0.001,0.2,1,
177,10,4,8,0.001,0.3,1,
178,10,4,8,0.001,0.4,1,
179,10,4,8,0.001,0.5,1,
180,10,4,8,0.001,0.2,0,
181,10,4,8,0.001,0.3,0,
182,10,4,8,0.001,0.4,0,
183,10,4,8,0.001,0.5,0,
184,10,4,8,0.01,0.2,1,
185,10,4,8,0.01,0.3,1,
186,10,4,8,0.01,0.4,1,
187,10,4,8,0.01,0.5,1,
188,10,4,8,0.01,0.2,0,
189,10,4,8,0.01,0.3,0,
190,10,4,8,0.01,0.4,0,
191,10,4,8,0.01,0.5,0,
192,10,4,16,1e-05,0.2,1,
193,10,4,16,1e-05,0.3,1,
194,10,4,16,1e-05,0.4,1,
195,10,4,16,1e-05,0.5,1,
196,10,4,16,1e-05,0.2,0,
197,10,4,16,1e-05,0.3,0,
198,10,4,16,1e-05,0.4,0,
199,10,4,16,1e-05,0.5,0,
200,10,4,16,0.0001,0.2,1,
201,10,4,16,0.0001,0.3,1,
202,10,4,16,0.0001,0.4,1,
203,10,4,16,0.0001,0.5,1,
204,10,4,16,0.0001,0.2,0,
205,10,4,16,0.0001,0.3,0,
206,10,4,16,0.0001,0.4,0,
207,10,4,16,0.0001,0.5,0,
208,10,4,16,0.001,0.2,1,
209,10,4,16,0.001,0.3,1,
210,10,4,16,0.001,0.4,1,
211,10,4,16,0.001,0.5,1,
212,10,4,16,0.001,0.2,0,
213,10,4,16,0.001,0.3,0,
214,10,4,16,0.001,0.4,0,
215,10,4,16,0.001,0.5,0,
216,10,4,16,0.01,0.2,1,
217,10,4,16,0.01,0.3,1,
218,10,4,16,0.01,0.4,1,
219,10,4,16,0.01,0.5,1,
220,10,4,16,0.01,0.2,0,
221,10,4,16,0.01,0.3,0,
222,10,4,16,0.01,0.4,0,
223,10,4,16,0.01,0.5,0,
224,10,4,32,1e-05,0.2,1,
225,10,4,32,1e-05,0.3,1,
226,10,4,32,1e-05,0.4,1,
227,10,4,32,1e-05,0.5,1,
228,10,4,32,1e-05,0.2,0,
229,10,4,32,1e-05,0.3,0,
230,10,4,32,1e-05,0.4,0,
231,10,4,32,1e-05,0.5,0,-125.2125645529687
232,10,4,32,0.0001,0.2,1,
233,10,4,32,0.0001,0.3,1,
234,10,4,32,0.0001,0.4,1,
235,10,4,32,0.0001,0.5,1,
236,10,4,32,0.0001,0.2,0,
237,10,4,32,0.0001,0.3,0,
238,10,4,32,0.0001,0.4,0,
239,10,4,32,0.0001,0.5,0,-114.56397473429195
240,10,4,32,0.001,0.2,1,
241,10,4,32,0.001,0.3,1,
242,10,4,32,0.001,0.4,1,
243,10,4,32,0.001,0.5,1,
244,10,4,32,0.001,0.2,0,
245,10,4,32,0.001,0.3,0,
246,10,4,32,0.001,0.4,0,
247,10,4,32,0.001,0.5,0,
248,10,4,32,0.01,0.2,1,
249,10,4,32,0.01,0.3,1,
250,10,4,32,0.01,0.4,1,
251,10,4,32,0.01,0.5,1,
252,10,4,32,0.01,0.2,0,
253,10,4,32,0.01,0.3,0,
254,10,4,32,0.01,0.4,0,
255,10,4,32,0.01,0.5,0,
256,10,8,4,1e-05,0.2,1,
257,10,8,4,1e-05,0.3,1,
258,10,8,4,1e-05,0.4,1,
259,10,8,4,1e-05,0.5,1,
260,10,8,4,1e-05,0.2,0,
261,10,8,4,1e-05,0.3,0,
262,10,8,4,1e-05,0.4,0,
263,10,8,4,1e-05,0.5,0,
264,10,8,4,0.0001,0.2,1,
265,10,8,4,0.0001,0.3,1,
266,10,8,4,0.0001,0.4,1,
267,10,8,4,0.0001,0.5,1,
268,10,8,4,0.0001,0.2,0,
269,10,8,4,0.0001,0.3,0,
270,10,8,4,0.0001,0.4,0,
271,10,8,4,0.0001,0.5,0,
272,10,8,4,0.001,0.2,1,
273,10,8,4,0.001,0.3,1,
274,10,8,4,0.001,0.4,1,
275,10,8,4,0.001,0.5,1,
276,10,8,4,0.001,0.2,0,
277,10,8,4,0.001,0.3,0,
278,10,8,4,0.001,0.4,0,
279,10,8,4,0.001,0.5,0,
280,10,8,4,0.01,0.2,1,
281,10,8,4,0.01,0.3,1,
282,10,8,4,0.01,0.4,1,
283,10,8,4,0.01,0.5,1,
284,10,8,4,0.01,0.2,0,
285,10,8,4,0.01,0.3,0,
286,10,8,4,0.01,0.4,0,
287,10,8,4,0.01,0.5,0,
288,10,8,8,1e-05,0.2,1,
289,10,8,8,1e-05,0.3,1,
290,10,8,8,1e-05,0.4,1,
291,10,8,8,1e-05,0.5,1,
292,10,8,8,1e-05,0.2,0,
293,10,8,8,1e-05,0.3,0,
294,10,8,8,1e-05,0.4,0,-129.91485185030274
295,10,8,8,1e-05,0.5,0,
296,10,8,8,0.0001,0.2,1,
297,10,8,8,0.0001,0.3,1,
298,10,8,8,0.0001,0.4,1,
299,10,8,8,0.0001,0.5,1,
300,10,8,8,0.0001,0.2,0,
301,10,8,8,0.0001,0.3,0,
302,10,8,8,0.0001,0.4,0,
303,10,8,8,0.0001,0.5,0,
304,10,8,8,0.001,0.2,1,
305,10,8,8,0.001,0.3,1,
306,10,8,8,0.001,0.4,1,
307,10,8,8,0.001,0.5,1,
308,10,8,8,0.001,0.2,0,
309,10,8,8,0.001,0.3,0,
310,10,8,8,0.001,0.4,0,
311,10,8,8,0.001,0.5,0,
312,10,8,8,0.01,0.2,1,
313,10,8,8,0.01,0.3,1,
314,10,8,8,0.01,0.4,1,
315,10,8,8,0.01,0.5,1,
316,10,8,8,0.01,0.2,0,
317,10,8,8,0.01,0.3,0,
318,10,8,8,0.01,0.4,0,
319,10,8,8,0.01,0.5,0,
320,10,8,16,1e-05,0.2,1,
321,10,8,16,1e-05,0.3,1,
322,10,8,16,1e-05,0.4,1,
323,10,8,16,1e-05,0.5,1,
324,10,8,16,1e-05,0.2,0,
325,10,8,16,1e-05,0.3,0,
326,10,8,16,1e-05,0.4,0,
327,10,8,16,1e-05,0.5,0,
328,10,8,16,0.0001,0.2,1,
329,10,8,16,0.0001,0.3,1,
330,10,8,16,0.0001,0.4,1,
331,10,8,16,0.0001,0.5,1,
332,10,8,16,0.0001,0.2,0,
333,10,8,16,0.0001,0.3,0,
334,10,8,16,0.0001,0.4,0,
335,10,8,16,0.0001,0.5,0,
336,10,8,16,0.001,0.2,1,
337,10,8,16,0.001,0.3,1,
338,10,8,16,0.001,0.4,1,
339,10,8,16,0.001,0.5,1,
340,10,8,16,0.001,0.2,0,
341,10,8,16,0.001,0.3,0,
342,10,8,16,0.001,0.4,0,
343,10,8,16,0.001,0.5,0,
344,10,8,16,0.01,0.2,1,
345,10,8,16,0.01,0.3,1,
346,10,8,16,0.01,0.4,1,
347,10,8,16,0.01,0.5,1,
348,10,8,16,0.01,0.2,0,
349,10,8,16,0.01,0.3,0,
350,10,8,16,0.01,0.4,0,
351,10,8,16,0.01,0.5,0,
352,10,8,32,1e-05,0.2,1,
353,10,8,32,1e-05,0.3,1,
354,10,8,32,1e-05,0.4,1,
355,10,8,32,1e-05,0.5,1,
356,10,8,32,1e-05,0.2,0,
357,10,8,32,1e-05,0.3,0,
358,10,8,32,1e-05,0.4,0,
359,10,8,32,1e-05,0.5,0,-110.53807782339528
360,10,8,32,0.0001,0.2,1,
361,10,8,32,0.0001,0.3,1,
362,10,8,32,0.0001,0.4,1,
363,10,8,32,0.0001,0.5,1,
364,10,8,32,0.0001,0.2,0,
365,10,8,32,0.0001,0.3,0,
366,10,8,32,0.0001,0.4,0,
367,10,8,32,0.0001,0.5,0,-118.26864389769743
368,10,8,32,0.001,0.2,1,
369,10,8,32,0.001,0.3,1,
370,10,8,32,0.001,0.4,1,
371,10,8,32,0.001,0.5,1,
372,10,8,32,0.001,0.2,0,
373,10,8,32,0.001,0.3,0,
374,10,8,32,0.001,0.4,0,
375,10,8,32,0.001,0.5,0,
376,10,8,32,0.01,0.2,1,
377,10,8,32,0.01,0.3,1,
378,10,8,32,0.01,0.4,1,
379,10,8,32,0.01,0.5,1,
380,10,8,32,0.01,0.2,0,
381,10,8,32,0.01,0.3,0,
382,10,8,32,0.01,0.4,0,
383,10,8,32,0.01,0.5,0,
384,10,16,4,1e-05,0.2,1,
385,10,16,4,1e-05,0.3,1,
386,10,16,4,1e-05,0.4,1,
387,10,16,4,1e-05,0.5,1,
388,10,16,4,1e-05,0.2,0,
389,10,16,4,1e-05,0.3,0,
390,10,16,4,1e-05,0.4,0,
391,10,16,4,1e-05,0.5,0,
392,10,16,4,0.0001,0.2,1,
393,10,16,4,0.0001,0.3,1,
394,10,16,4,0.0001,0.4,1,
395,10,16,4,0.0001,0.5,1,
396,10,16,4,0.0001,0.2,0,
397,10,16,4,0.0001,0.3,0,
398,10,16,4,0.0001,0.4,0,
399,10,16,4,0.0001,0.5,0,
400,10,16,4,0.001,0.2,1,
401,10,16,4,0.001,0.3,1,
402,10,16,4,0.001,0.4,1,
403,10,16,4,0.001,0.5,1,
404,10,16,4,0.001,0.2,0,
405,10,16,4,0.001,0.3,0,
406,10,16,4,0.001,0.4,0,
407,10,16,4,0.001,0.5,0,
408,10,16,4,0.01,0.2,1,
409,10,16,4,0.01,0.3,1,
410,10,16,4,0.01,0.4,1,
411,10,16,4,0.01,0.5,1,
412,10,16,4,0.01,0.2,0,
413,10,16,4,0.01,0.3,0,
414,10,16,4,0.01,0.4,0,
415,10,16,4,0.01,0.5,0,
416,10,16,8,1e-05,0.2,1,
417,10,16,8,1e-05,0.3,1,
418,10,16,8,1e-05,0.4,1,
419,10,16,8,1e-05,0.5,1,
420,10,16,8,1e-05,0.2,0,
421,10,16,8,1e-05,0.3,0,
422,10,16,8,1e-05,0.4,0,
423,10,16,8,1e-05,0.5,0,
424,10,16,8,0.0001,0.2,1,
425,10,16,8,0.0001,0.3,1,
426,10,16,8,0.0001,0.4,1,
427,10,16,8,0.0001,0.5,1,
428,10,16,8,0.0001,0.2,0,
429,10,16,8,0.0001,0.3,0,
430,10,16,8,0.0001,0.4,0,
431,10,16,8,0.0001,0.5,0,
432,10,16,8,0.001,0.2,1,
433,10,16,8,0.001,0.3,1,
434,10,16,8,0.001,0.4,1,
435,10,16,8,0.001,0.5,1,
436,10,16,8,0.001,0.2,0,
437,10,16,8,0.001,0.3,0,
438,10,16,8,0.001,0.4,0,
439,10,16,8,0.001,0.5,0,
440,10,16,8,0.01,0.2,1,
441,10,16,8,0.01,0.3,1,
442,10,16,8,0.01,0.4,1,
443,10,16,8,0.01,0.5,1,
444,10,16,8,0.01,0.2,0,
445,10,16,8,0.01,0.3,0,
446,10,16,8,0.01,0.4,0,
447,10,16,8,0.01,0.5,0,
448,10,16,16,1e-05,0.2,1,
449,10,16,16,1e-05,0.3,1,
450,10,16,16,1e-05,0.4,1,
451,10,16,16,1e-05,0.5,1,
452,10,16,16,1e-05,0.2,0,
453,10,16,16,1e-05,0.3,0,
454,10,16,16,1e-05,0.4,0,
455,10,16,16,1e-05,0.5,0,
456,10,16,16,0.0001,0.2,1,
457,10,16,16,0.0001,0.3,1,
458,10,16,16,0.0001,0.4,1,
459,10,16,16,0.0001,0.5,1,
460,10,16,16,0.0001,0.2,0,
461,10,16,16,0.0001,0.3,0,
462,10,16,16,0.0001,0.4,0,
463,10,16,16,0.0001,0.5,0,
464,10,16,16,0.001,0.2,1,
465,10,16,16,0.001,0.3,1,
466,10,16,16,0.001,0.4,1,
467,10,16,16,0.001,0.5,1,
468,10,16,16,0.001,0.2,0,
469,10,16,16,0.001,0.3,0,
470,10,16,16,0.001,0.4,0,
471,10,16,16,0.001,0.5,0,
472,10,16,16,0.01,0.2,1,
473,10,16,16,0.01,0.3,1,
474,10,16,16,0.01,0.4,1,
475,10,16,16,0.01,0.5,1,
476,10,16,16,0.01,0.2,0,
477,10,16,16,0.01,0.3,0,
478,10,16,16,0.01,0.4,0,
479,10,16,16,0.01,0.5,0,
480,10,16,32,1e-05,0.2,1,
481,10,16,32,1e-05,0.3,1,
482,10,16,32,1e-05,0.4,1,
483,10,16,32,1e-05,0.5,1,
484,10,16,32,1e-05,0.2,0,
485,10,16,32,1e-05,0.3,0,
486,10,16,32,1e-05,0.4,0,
487,10,16,32,1e-05,0.5,0,
488,10,16,32,0.0001,0.2,1,
489,10,16,32,0.0001,0.3,1,
490,10,16,32,0.0001,0.4,1,
491,10,16,32,0.0001,0.5,1,
492,10,16,32,0.0001,0.2,0,
493,10,16,32,0.0001,0.3,0,
494,10,16,32,0.0001,0.4,0,
495,10,16,32,0.0001,0.5,0,
496,10,16,32,0.001,0.2,1,
497,10,16,32,0.001,0.3,1,
498,10,16,32,0.001,0.4,1,
499,10,16,32,0.001,0.5,1,
500,10,16,32,0.001,0.2,0,
501,10,16,32,0.001,0.3,0,
502,10,16,32,0.001,0.4,0,
503,10,16,32,0.001,0.5,0,
504,10,16,32,0.01,0.2,1,
505,10,16,32,0.01,0.3,1,
506,10,16,32,0.01,0.4,1,
507,10,16,32,0.01,0.5,1,
508,10,16,32,0.01,0.2,0,
509,10,16,32,0.01,0.3,0,
510,10,16,32,0.01,0.4,0,
511,10,16,32,0.01,0.5,0,
512,10,32,4,1e-05,0.2,1,
513,10,32,4,1e-05,0.3,1,
514,10,32,4,1e-05,0.4,1,
515,10,32,4,1e-05,0.5,1,
516,10,32,4,1e-05,0.2,0,
517,10,32,4,1e-05,0.3,0,
518,10,32,4,1e-05,0.4,0,
519,10,32,4,1e-05,0.5,0,-115.15530000256034
520,10,32,4,0.0001,0.2,1,
521,10,32,4,0.0001,0.3,1,
522,10,32,4,0.0001,0.4,1,
523,10,32,4,0.0001,0.5,1,
524,10,32,4,0.0001,0.2,0,
525,10,32,4,0.0001,0.3,0,
526,10,32,4,0.0001,0.4,0,
527,10,32,4,0.0001,0.5,0,-123.9934641909913
528,10,32,4,0.001,0.2,1,
529,10,32,4,0.001,0.3,1,
530,10,32,4,0.001,0.4,1,
531,10,32,4,0.001,0.5,1,
532,10,32,4,0.001,0.2,0,
533,10,32,4,0.001,0.3,0,
534,10,32,4,0.001,0.4,0,
535,10,32,4,0.001,0.5,0,-147.83292069647064
536,10,32,4,0.01,0.2,1,
537,10,32,4,0.01,0.3,1,
538,10,32,4,0.01,0.4,1,
539,10,32,4,0.01,0.5,1,
540,10,32,4,0.01,0.2,0,
541,10,32,4,0.01,0.3,0,
542,10,32,4,0.01,0.4,0,
543,10,32,4,0.01,0.5,0,
544,10,32,8,1e-05,0.2,1,
545,10,32,8,1e-05,0.3,1,
546,10,32,8,1e-05,0.4,1,
547,10,32,8,1e-05,0.5,1,
548,10,32,8,1e-05,0.2,0,
549,10,32,8,1e-05,0.3,0,
550,10,32,8,1e-05,0.4,0,
551,10,32,8,1e-05,0.5,0,-107.77992909761198
552,10,32,8,0.0001,0.2,1,
553,10,32,8,0.0001,0.3,1,
554,10,32,8,0.0001,0.4,1,
555,10,32,8,0.0001,0.5,1,
556,10,32,8,0.0001,0.2,0,
557,10,32,8,0.0001,0.3,0,
558,10,32,8,0.0001,0.4,0,
559,10,32,8,0.0001,0.5,0,-151.2514863653163
560,10,32,8,0.001,0.2,1,
561,10,32,8,0.001,0.3,1,
562,10,32,8,0.001,0.4,1,
563,10,32,8,0.001,0.5,1,
564,10,32,8,0.001,0.2,0,
565,10,32,8,0.001,0.3,0,
566,10,32,8,0.001,0.4,0,
567,10,32,8,0.001,0.5,0,
568,10,32,8,0.01,0.2,1,
569,10,32,8,0.01,0.3,1,
570,10,32,8,0.01,0.4,1,
571,10,32,8,0.01,0.5,1,
572,10,32,8,0.01,0.2,0,
573,10,32,8,0.01,0.3,0,
574,10,32,8,0.01,0.4,0,
575,10,32,8,0.01,0.5,0,
576,10,32,16,1e-05,0.2,1,
577,10,32,16,1e-05,0.3,1,
578,10,32,16,1e-05,0.4,1,
579,10,32,16,1e-05,0.5,1,
580,10,32,16,1e-05,0.2,0,
581,10,32,16,1e-05,0.3,0,
582,10,32,16,1e-05,0.4,0,
583,10,32,16,1e-05,0.5,0,
584,10,32,16,0.0001,0.2,1,
585,10,32,16,0.0001,0.3,1,
586,10,32,16,0.0001,0.4,1,
587,10,32,16,0.0001,0.5,1,
588,10,32,16,0.0001,0.2,0,
589,10,32,16,0.0001,0.3,0,
590,10,32,16,0.0001,0.4,0,
591,10,32,16,0.0001,0.5,0,
592,10,32,16,0.001,0.2,1,
593,10,32,16,0.001,0.3,1,
594,10,32,16,0.001,0.4,1,
595,10,32,16,0.001,0.5,1,
596,10,32,16,0.001,0.2,0,
597,10,32,16,0.001,0.3,0,
598,10,32,16,0.001,0.4,0,
599,10,32,16,0.001,0.5,0,
600,10,32,16,0.01,0.2,1,
601,10,32,16,0.01,0.3,1,
602,10,32,16,0.01,0.4,1,
603,10,32,16,0.01,0.5,1,
604,10,32,16,0.01,0.2,0,
605,10,32,16,0.01,0.3,0,
606,10,32,16,0.01,0.4,0,
607,10,32,16,0.01,0.5,0,
608,10,32,32,1e-05,0.2,1,
609,10,32,32,1e-05,0.3,1,
610,10,32,32,1e-05,0.4,1,
611,10,32,32,1e-05,0.5,1,
612,10,32,32,1e-05,0.2,0,
613,10,32,32,1e-05,0.3,0,
614,10,32,32,1e-05,0.4,0,
615,10,32,32,1e-05,0.5,0,
616,10,32,32,0.0001,0.2,1,
617,10,32,32,0.0001,0.3,1,
618,10,32,32,0.0001,0.4,1,-150.3045136860616
619,10,32,32,0.0001,0.5,1,
620,10,32,32,0.0001,0.2,0,
621,10,32,32,0.0001,0.3,0,
622,10,32,32,0.0001,0.4,0,
623,10,32,32,0.0001,0.5,0,
624,10,32,32,0.001,0.2,1,
625,10,32,32,0.001,0.3,1,
626,10,32,32,0.001,0.4,1,
627,10,32,32,0.001,0.5,1,
628,10,32,32,0.001,0.2,0,
629,10,32,32,0.001,0.3,0,
630,10,32,32,0.001,0.4,0,
631,10,32,32,0.001,0.5,0,
632,10,32,32,0.01,0.2,1,
633,10,32,32,0.01,0.3,1,
634,10,32,32,0.01,0.4,1,
635,10,32,32,0.01,0.5,1,
636,10,32,32,0.01,0.2,0,
637,10,32,32,0.01,0.3,0,
638,10,32,32,0.01,0.4,0,
639,10,32,32,0.01,0.5,0,
640,50,2,4,1e-05,0.2,1,
641,50,2,4,1e-05,0.3,1,
642,50,2,4,1e-05,0.4,1,
643,50,2,4,1e-05,0.5,1,
644,50,2,4,1e-05,0.2,0,
645,50,2,4,1e-05,0.3,0,
646,50,2,4,1e-05,0.4,0,
647,50,2,4,1e-05,0.5,0,
648,50,2,4,0.0001,0.2,1,
649,50,2,4,0.0001,0.3,1,
650,50,2,4,0.0001,0.4,1,
651,50,2,4,0.0001,0.5,1,
652,50,2,4,0.0001,0.2,0,
653,50,2,4,0.0001,0.3,0,
654,50,2,4,0.0001,0.4,0,
655,50,2,4,0.0001,0.5,0,
656,50,2,4,0.001,0.2,1,
657,50,2,4,0.001,0.3,1,
658,50,2,4,0.001,0.4,1,
659,50,2,4,0.001,0.5,1,
660,50,2,4,0.001,0.2,0,
661,50,2,4,0.001,0.3,0,
662,50,2,4,0.001,0.4,0,
663,50,2,4,0.001,0.5,0,
664,50,2,4,0.01,0.2,1,
665,50,2,4,0.01,0.3,1,
666,50,2,4,0.01,0.4,1,
667,50,2,4,0.01,0.5,1,
668,50,2,4,0.01,0.2,0,
669,50,2,4,0.01,0.3,0,
670,50,2,4,0.01,0.4,0,
671,50,2,4,0.01,0.5,0,
672,50,2,8,1e-05,0.2,1,
673,50,2,8,1e-05,0.3,1,
674,50,2,8,1e-05,0.4,1,
675,50,2,8,1e-05,0.5,1,
676,50,2,8,1e-05,0.2,0,
677,50,2,8,1e-05,0.3,0,
678,50,2,8,1e-05,0.4,0,
679,50,2,8,1e-05,0.5,0,
680,50,2,8,0.0001,0.2,1,
681,50,2,8,0.0001,0.3,1,
682,50,2,8,0.0001,0.4,1,
683,50,2,8,0.0001,0.5,1,
684,50,2,8,0.0001,0.2,0,
685,50,2,8,0.0001,0.3,0,
686,50,2,8,0.0001,0.4,0,
687,50,2,8,0.0001,0.5,0,
688,50,2,8,0.001,0.2,1,
689,50,2,8,0.001,0.3,1,
690,50,2,8,0.001,0.4,1,
691,50,2,8,0.001,0.5,1,
692,50,2,8,0.001,0.2,0,
693,50,2,8,0.001,0.3,0,
694,50,2,8,0.001,0.4,0,
695,50,2,8,0.001,0.5,0,
696,50,2,8,0.01,0.2,1,
697,50,2,8,0.01,0.3,1,
698,50,2,8,0.01,0.4,1,
699,50,2,8,0.01,0.5,1,
700,50,2,8,0.01,0.2,0,
701,50,2,8,0.01,0.3,0,
702,50,2,8,0.01,0.4,0,
703,50,2,8,0.01,0.5,0,
704,50,2,16,1e-05,0.2,1,
705,50,2,16,1e-05,0.3,1,
706,50,2,16,1e-05,0.4,1,
707,50,2,16,1e-05,0.5,1,
708,50,2,16,1e-05,0.2,0,
709,50,2,16,1e-05,0.3,0,
710,50,2,16,1e-05,0.4,0,
711,50,2,16,1e-05,0.5,0,
712,50,2,16,0.0001,0.2,1,
713,50,2,16,0.0001,0.3,1,
714,50,2,16,0.0001,0.4,1,
715,50,2,16,0.0001,0.5,1,
716,50,2,16,0.0001,0.2,0,
717,50,2,16,0.0001,0.3,0,
718,50,2,16,0.0001,0.4,0,
719,50,2,16,0.0001,0.5,0,
720,50,2,16,0.001,0.2,1,
721,50,2,16,0.001,0.3,1,
722,50,2,16,0.001,0.4,1,
723,50,2,16,0.001,0.5,1,
724,50,2,16,0.001,0.2,0,
725,50,2,16,0.001,0.3,0,
726,50,2,16,0.001,0.4,0,
727,50,2,16,0.001,0.5,0,
728,50,2,16,0.01,0.2,1,
729,50,2,16,0.01,0.3,1,
730,50,2,16,0.01,0.4,1,
731,50,2,16,0.01,0.5,1,
732,50,2,16,0.01,0.2,0,
733,50,2,16,0.01,0.3,0,
734,50,2,16,0.01,0.4,0,
735,50,2,16,0.01,0.5,0,
736,50,2,32,1e-05,0.2,1,
737,50,2,32,1e-05,0.3,1,
738,50,2,32,1e-05,0.4,1,
739,50,2,32,1e-05,0.5,1,
740,50,2,32,1e-05,0.2,0,
741,50,2,32,1e-05,0.3,0,
742,50,2,32,1e-05,0.4,0,
743,50,2,32,1e-05,0.5,0,-147.90738104228896
744,50,2,32,0.0001,0.2,1,
745,50,2,32,0.0001,0.3,1,
746,50,2,32,0.0001,0.4,1,
747,50,2,32,0.0001,0.5,1,
748,50,2,32,0.0001,0.2,0,
749,50,2,32,0.0001,0.3,0,
750,50,2,32,0.0001,0.4,0,
751,50,2,32,0.0001,0.5,0,
752,50,2,32,0.001,0.2,1,
753,50,2,32,0.001,0.3,1,
754,50,2,32,0.001,0.4,1,
755,50,2,32,0.001,0.5,1,
756,50,2,32,0.001,0.2,0,
757,50,2,32,0.001,0.3,0,
758,50,2,32,0.001,0.4,0,
759,50,2,32,0.001,0.5,0,
760,50,2,32,0.01,0.2,1,
761,50,2,32,0.01,0.3,1,
762,50,2,32,0.01,0.4,1,
763,50,2,32,0.01,0.5,1,
764,50,2,32,0.01,0.2,0,
765,50,2,32,0.01,0.3,0,
766,50,2,32,0.01,0.4,0,
767,50,2,32,0.01,0.5,0,
768,50,4,4,1e-05,0.2,1,
769,50,4,4,1e-05,0.3,1,
770,50,4,4,1e-05,0.4,1,
771,50,4,4,1e-05,0.5,1,
772,50,4,4,1e-05,0.2,0,
773,50,4,4,1e-05,0.3,0,
774,50,4,4,1e-05,0.4,0,
775,50,4,4,1e-05,0.5,0,
776,50,4,4,0.0001,0.2,1,
777,50,4,4,0.0001,0.3,1,
778,50,4,4,0.0001,0.4,1,
779,50,4,4,0.0001,0.5,1,
780,50,4,4,0.0001,0.2,0,
781,50,4,4,0.0001,0.3,0,
782,50,4,4,0.0001,0.4,0,
783,50,4,4,0.0001,0.5,0,
784,50,4,4,0.001,0.2,1,
785,50,4,4,0.001,0.3,1,
786,50,4,4,0.001,0.4,1,
787,50,4,4,0.001,0.5,1,
788,50,4,4,0.001,0.2,0,
789,50,4,4,0.001,0.3,0,
790,50,4,4,0.001,0.4,0,
791,50,4,4,0.001,0.5,0,
792,50,4,4,0.01,0.2,1,
793,50,4,4,0.01,0.3,1,
794,50,4,4,0.01,0.4,1,
795,50,4,4,0.01,0.5,1,
796,50,4,4,0.01,0.2,0,
797,50,4,4,0.01,0.3,0,
798,50,4,4,0.01,0.4,0,
799,50,4,4,0.01,0.5,0,
800,50,4,8,1e-05,0.2,1,
801,50,4,8,1e-05,0.3,1,
802,50,4,8,1e-05,0.4,1,
803,50,4,8,1e-05,0.5,1,
804,50,4,8,1e-05,0.2,0,
805,50,4,8,1e-05,0.3,0,
806,50,4,8,1e-05,0.4,0,
807,50,4,8,1e-05,0.5,0,
808,50,4,8,0.0001,0.2,1,
809,50,4,8,0.0001,0.3,1,
810,50,4,8,0.0001,0.4,1,
811,50,4,8,0.0001,0.5,1,
812,50,4,8,0.0001,0.2,0,
813,50,4,8,0.0001,0.3,0,
814,50,4,8,0.0001,0.4,0,
815,50,4,8,0.0001,0.5,0,
816,50,4,8,0.001,0.2,1,
817,50,4,8,0.001,0.3,1,
818,50,4,8,0.001,0.4,1,
819,50,4,8,0.001,0.5,1,
820,50,4,8,0.001,0.2,0,
821,50,4,8,0.001,0.3,0,
822,50,4,8,0.001,0.4,0,
823,50,4,8,0.001,0.5,0,
824,50,4,8,0.01,0.2,1,
825,50,4,8,0.01,0.3,1,
826,50,4,8,0.01,0.4,1,
827,50,4,8,0.01,0.5,1,
828,50,4,8,0.01,0.2,0,
829,50,4,8,0.01,0.3,0,
830,50,4,8,0.01,0.4,0,
831,50,4,8,0.01,0.5,0,
832,50,4,16,1e-05,0.2,1,
833,50,4,16,1e-05,0.3,1,
834,50,4,16,1e-05,0.4,1,
835,50,4,16,1e-05,0.5,1,
836,50,4,16,1e-05,0.2,0,
837,50,4,16,1e-05,0.3,0,
838,50,4,16,1e-05,0.4,0,
839,50,4,16,1e-05,0.5,0,
840,50,4,16,0.0001,0.2,1,
841,50,4,16,0.0001,0.3,1,
842,50,4,16,0.0001,0.4,1,
843,50,4,16,0.0001,0.5,1,
844,50,4,16,0.0001,0.2,0,
845,50,4,16,0.0001,0.3,0,
846,50,4,16,0.0001,0.4,0,
847,50,4,16,0.0001,0.5,0,
848,50,4,16,0.001,0.2,1,
849,50,4,16,0.001,0.3,1,
850,50,4,16,0.001,0.4,1,
851,50,4,16,0.001,0.5,1,
852,50,4,16,0.001,0.2,0,
853,50,4,16,0.001,0.3,0,
854,50,4,16,0.001,0.4,0,
855,50,4,16,0.001,0.5,0,
856,50,4,16,0.01,0.2,1,
857,50,4,16,0.01,0.3,1,
858,50,4,16,0.01,0.4,1,
859,50,4,16,0.01,0.5,1,
860,50,4,16,0.01,0.2,0,
861,50,4,16,0.01,0.3,0,
862,50,4,16,0.01,0.4,0,
863,50,4,16,0.01,0.5,0,
864,50,4,32,1e-05,0.2,1,
865,50,4,32,1e-05,0.3,1,
866,50,4,32,1e-05,0.4,1,
867,50,4,32,1e-05,0.5,1,
868,50,4,32,1e-05,0.2,0,
869,50,4,32,1e-05,0.3,0,
870,50,4,32,1e-05,0.4,0,
871,50,4,32,1e-05,0.5,0,
872,50,4,32,0.0001,0.2,1,
873,50,4,32,0.0001,0.3,1,
874,50,4,32,0.0001,0.4,1,
875,50,4,32,0.0001,0.5,1,
876,50,4,32,0.0001,0.2,0,
877,50,4,32,0.0001,0.3,0,
878,50,4,32,0.0001,0.4,0,
879,50,4,32,0.0001,0.5,0,
880,50,4,32,0.001,0.2,1,
881,50,4,32,0.001,0.3,1,
882,50,4,32,0.001,0.4,1,
883,50,4,32,0.001,0.5,1,
884,50,4,32,0.001,0.2,0,
885,50,4,32,0.001,0.3,0,
886,50,4,32,0.001,0.4,0,
887,50,4,32,0.001,0.5,0,
888,50,4,32,0.01,0.2,1,
889,50,4,32,0.01,0.3,1,
890,50,4,32,0.01,0.4,1,
891,50,4,32,0.01,0.5,1,
892,50,4,32,0.01,0.2,0,
893,50,4,32,0.01,0.3,0,
894,50,4,32,0.01,0.4,0,
895,50,4,32,0.01,0.5,0,
896,50,8,4,1e-05,0.2,1,
897,50,8,4,1e-05,0.3,1,
898,50,8,4,1e-05,0.4,1,
899,50,8,4,1e-05,0.5,1,
900,50,8,4,1e-05,0.2,0,
901,50,8,4,1e-05,0.3,0,
902,50,8,4,1e-05,0.4,0,
903,50,8,4,1e-05,0.5,0,
904,50,8,4,0.0001,0.2,1,
905,50,8,4,0.0001,0.3,1,
906,50,8,4,0.0001,0.4,1,
907,50,8,4,0.0001,0.5,1,
908,50,8,4,0.0001,0.2,0,
909,50,8,4,0.0001,0.3,0,
910,50,8,4,0.0001,0.4,0,
911,50,8,4,0.0001,0.5,0,
912,50,8,4,0.001,0.2,1,
913,50,8,4,0.001,0.3,1,
914,50,8,4,0.001,0.4,1,
915,50,8,4,0.001,0.5,1,
916,50,8,4,0.001,0.2,0,
917,50,8,4,0.001,0.3,0,
918,50,8,4,0.001,0.4,0,
919,50,8,4,0.001,0.5,0,
920,50,8,4,0.01,0.2,1,
921,50,8,4,0.01,0.3,1,
922,50,8,4,0.01,0.4,1,
923,50,8,4,0.01,0.5,1,
924,50,8,4,0.01,0.2,0,
925,50,8,4,0.01,0.3,0,
926,50,8,4,0.01,0.4,0,
927,50,8,4,0.01,0.5,0,
928,50,8,8,1e-05,0.2,1,
929,50,8,8,1e-05,0.3,1,
930,50,8,8,1e-05,0.4,1,
931,50,8,8,1e-05,0.5,1,
932,50,8,8,1e-05,0.2,0,
933,50,8,8,1e-05,0.3,0,
934,50,8,8,1e-05,0.4,0,
935,50,8,8,1e-05,0.5,0,
936,50,8,8,0.0001,0.2,1,
937,50,8,8,0.0001,0.3,1,
938,50,8,8,0.0001,0.4,1,
939,50,8,8,0.0001,0.5,1,
940,50,8,8,0.0001,0.2,0,
941,50,8,8,0.0001,0.3,0,
942,50,8,8,0.0001,0.4,0,
943,50,8,8,0.0001,0.5,0,
944,50,8,8,0.001,0.2,1,
945,50,8,8,0.001,0.3,1,
946,50,8,8,0.001,0.4,1,
947,50,8,8,0.001,0.5,1,
948,50,8,8,0.001,0.2,0,
949,50,8,8,0.001,0.3,0,
950,50,8,8,0.001,0.4,0,
951,50,8,8,0.001,0.5,0,
952,50,8,8,0.01,0.2,1,
953,50,8,8,0.01,0.3,1,
954,50,8,8,0.01,0.4,1,
955,50,8,8,0.01,0.5,1,
956,50,8,8,0.01,0.2,0,
957,50,8,8,0.01,0.3,0,
958,50,8,8,0.01,0.4,0,
959,50,8,8,0.01,0.5,0,
960,50,8,16,1e-05,0.2,1,
961,50,8,16,1e-05,0.3,1,
962,50,8,16,1e-05,0.4,1,
963,50,8,16,1e-05,0.5,1,
964,50,8,16,1e-05,0.2,0,
965,50,8,16,1e-05,0.3,0,
966,50,8,16,1e-05,0.4,0,
967,50,8,16,1e-05,0.5,0,
968,50,8,16,0.0001,0.2,1,
969,50,8,16,0.0001,0.3,1,
970,50,8,16,0.0001,0.4,1,
971,50,8,16,0.0001,0.5,1,
972,50,8,16,0.0001,0.2,0,
973,50,8,16,0.0001,0.3,0,
974,50,8,16,0.0001,0.4,0,
975,50,8,16,0.0001,0.5,0,
976,50,8,16,0.001,0.2,1,
977,50,8,16,0.001,0.3,1,
978,50,8,16,0.001,0.4,1,
979,50,8,16,0.001,0.5,1,
980,50,8,16,0.001,0.2,0,
981,50,8,16,0.001,0.3,0,
982,50,8,16,0.001,0.4,0,
983,50,8,16,0.001,0.5,0,
984,50,8,16,0.01,0.2,1,
985,50,8,16,0.01,0.3,1,
986,50,8,16,0.01,0.4,1,
987,50,8,16,0.01,0.5,1,
988,50,8,16,0.01,0.2,0,
989,50,8,16,0.01,0.3,0,
990,50,8,16,0.01,0.4,0,
991,50,8,16,0.01,0.5,0,
992,50,8,32,1e-05,0.2,1,
993,50,8,32,1e-05,0.3,1,
994,50,8,32,1e-05,0.4,1,
995,50,8,32,1e-05,0.5,1,
996,50,8,32,1e-05,0.2,0,
997,50,8,32,1e-05,0.3,0,
998,50,8,32,1e-05,0.4,0,
999,50,8,32,1e-05,0.5,0,
1000,50,8,32,0.0001,0.2,1,
1001,50,8,32,0.0001,0.3,1,
1002,50,8,32,0.0001,0.4,1,
1003,50,8,32,0.0001,0.5,1,
1004,50,8,32,0.0001,0.2,0,
1005,50,8,32,0.0001,0.3,0,
1006,50,8,32,0.0001,0.4,0,
1007,50,8,32,0.0001,0.5,0,
1008,50,8,32,0.001,0.2,1,
1009,50,8,32,0.001,0.3,1,
1010,50,8,32,0.001,0.4,1,
1011,50,8,32,0.001,0.5,1,
1012,50,8,32,0.001,0.2,0,
1013,50,8,32,0.001,0.3,0,
1014,50,8,32,0.001,0.4,0,
1015,50,8,32,0.001,0.5,0,
1016,50,8,32,0.01,0.2,1,
1017,50,8,32,0.01,0.3,1,
1018,50,8,32,0.01,0.4,1,
1019,50,8,32,0.01,0.5,1,
1020,50,8,32,0.01,0.2,0,-101.5918393791284
1021,50,8,32,0.01,0.3,0,
1022,50,8,32,0.01,0.4,0,
1023,50,8,32,0.01,0.5,0,
1024,50,16,4,1e-05,0.2,1,
1025,50,16,4,1e-05,0.3,1,
1026,50,16,4,1e-05,0.4,1,
1027,50,16,4,1e-05,0.5,1,
1028,50,16,4,1e-05,0.2,0,
1029,50,16,4,1e-05,0.3,0,
1030,50,16,4,1e-05,0.4,0,
1031,50,16,4,1e-05,0.5,0,
1032,50,16,4,0.0001,0.2,1,
1033,50,16,4,0.0001,0.3,1,
1034,50,16,4,0.0001,0.4,1,
1035,50,16,4,0.0001,0.5,1,
1036,50,16,4,0.0001,0.2,0,
1037,50,16,4,0.0001,0.3,0,
1038,50,16,4,0.0001,0.4,0,
1039,50,16,4,0.0001,0.5,0,
1040,50,16,4,0.001,0.2,1,
1041,50,16,4,0.001,0.3,1,
1042,50,16,4,0.001,0.4,1,
1043,50,16,4,0.001,0.5,1,
1044,50,16,4,0.001,0.2,0,
1045,50,16,4,0.001,0.3,0,
1046,50,16,4,0.001,0.4,0,
1047,50,16,4,0.001,0.5,0,
1048,50,16,4,0.01,0.2,1,
1049,50,16,4,0.01,0.3,1,
1050,50,16,4,0.01,0.4,1,
1051,50,16,4,0.01,0.5,1,
1052,50,16,4,0.01,0.2,0,
1053,50,16,4,0.01,0.3,0,
1054,50,16,4,0.01,0.4,0,
1055,50,16,4,0.01,0.5,0,
1056,50,16,8,1e-05,0.2,1,
1057,50,16,8,1e-05,0.3,1,
1058,50,16,8,1e-05,0.4,1,
1059,50,16,8,1e-05,0.5,1,
1060,50,16,8,1e-05,0.2,0,
1061,50,16,8,1e-05,0.3,0,
1062,50,16,8,1e-05,0.4,0,
1063,50,16,8,1e-05,0.5,0,
1064,50,16,8,0.0001,0.2,1,
1065,50,16,8,0.0001,0.3,1,
1066,50,16,8,0.0001,0.4,1,
1067,50,16,8,0.0001,0.5,1,
1068,50,16,8,0.0001,0.2,0,
1069,50,16,8,0.0001,0.3,0,
1070,50,16,8,0.0001,0.4,0,
1071,50,16,8,0.0001,0.5,0,
1072,50,16,8,0.001,0.2,1,
1073,50,16,8,0.001,0.3,1,
1074,50,16,8,0.001,0.4,1,
1075,50,16,8,0.001,0.5,1,
1076,50,16,8,0.001,0.2,0,
1077,50,16,8,0.001,0.3,0,
1078,50,16,8,0.001,0.4,0,
1079,50,16,8,0.001,0.5,0,
1080,50,16,8,0.01,0.2,1,
1081,50,16,8,0.01,0.3,1,
1082,50,16,8,0.01,0.4,1,
1083,50,16,8,0.01,0.5,1,
1084,50,16,8,0.01,0.2,0,
1085,50,16,8,0.01,0.3,0,
1086,50,16,8,0.01,0.4,0,
1087,50,16,8,0.01,0.5,0,
1088,50,16,16,1e-05,0.2,1,
1089,50,16,16,1e-05,0.3,1,
1090,50,16,16,1e-05,0.4,1,
1091,50,16,16,1e-05,0.5,1,
1092,50,16,16,1e-05,0.2,0,
1093,50,16,16,1e-05,0.3,0,
1094,50,16,16,1e-05,0.4,0,
1095,50,16,16,1e-05,0.5,0,
1096,50,16,16,0.0001,0.2,1,
1097,50,16,16,0.0001,0.3,1,
1098,50,16,16,0.0001,0.4,1,
1099,50,16,16,0.0001,0.5,1,
1100,50,16,16,0.0001,0.2,0,
1101,50,16,16,0.0001,0.3,0,
1102,50,16,16,0.0001,0.4,0,
1103,50,16,16,0.0001,0.5,0,
1104,50,16,16,0.001,0.2,1,
1105,50,16,16,0.001,0.3,1,
1106,50,16,16,0.001,0.4,1,
1107,50,16,16,0.001,0.5,1,
1108,50,16,16,0.001,0.2,0,
1109,50,16,16,0.001,0.3,0,
1110,50,16,16,0.001,0.4,0,
1111,50,16,16,0.001,0.5,0,
1112,50,16,16,0.01,0.2,1,
1113,50,16,16,0.01,0.3,1,
1114,50,16,16,0.01,0.4,1,
1115,50,16,16,0.01,0.5,1,
1116,50,16,16,0.01,0.2,0,
1117,50,16,16,0.01,0.3,0,
1118,50,16,16,0.01,0.4,0,
1119,50,16,16,0.01,0.5,0,
1120,50,16,32,1e-05,0.2,1,
1121,50,16,32,1e-05,0.3,1,
1122,50,16,32,1e-05,0.4,1,
1123,50,16,32,1e-05,0.5,1,
1124,50,16,32,1e-05,0.2,0,
1125,50,16,32,1e-05,0.3,0,
1126,50,16,32,1e-05,0.4,0,
1127,50,16,32,1e-05,0.5,0,
1128,50,16,32,0.0001,0.2,1,
1129,50,16,32,0.0001,0.3,1,
1130,50,16,32,0.0001,0.4,1,
1131,50,16,32,0.0001,0.5,1,
1132,50,16,32,0.0001,0.2,0,
1133,50,16,32,0.0001,0.3,0,
1134,50,16,32,0.0001,0.4,0,
1135,50,16,32,0.0001,0.5,0,
1136,50,16,32,0.001,0.2,1,
1137,50,16,32,0.001,0.3,1,
1138,50,16,32,0.001,0.4,1,
1139,50,16,32,0.001,0.5,1,
1140,50,16,32,0.001,0.2,0,
1141,50,16,32,0.001,0.3,0,
1142,50,16,32,0.001,0.4,0,
1143,50,16,32,0.001,0.5,0,
1144,50,16,32,0.01,0.2,1,
1145,50,16,32,0.01,0.3,1,
1146,50,16,32,0.01,0.4,1,
1147,50,16,32,0.01,0.5,1,
1148,50,16,32,0.01,0.2,0,
1149,50,16,32,0.01,0.3,0,
1150,50,16,32,0.01,0.4,0,
1151,50,16,32,0.01,0.5,0,
1152,50,32,4,1e-05,0.2,1,
1153,50,32,4,1e-05,0.3,1,
1154,50,32,4,1e-05,0.4,1,
1155,50,32,4,1e-05,0.5,1,
1156,50,32,4,1e-05,0.2,0,
1157,50,32,4,1e-05,0.3,0,
1158,50,32,4,1e-05,0.4,0,
1159,50,32,4,1e-05,0.5,0,-96.54538041679788
1160,50,32,4,0.0001,0.2,1,
1161,50,32,4,0.0001,0.3,1,
1162,50,32,4,0.0001,0.4,1,
1163,50,32,4,0.0001,0.5,1,
1164,50,32,4,0.0001,0.2,0,
1165,50,32,4,0.0001,0.3,0,
1166,50,32,4,0.0001,0.4,0,
1167,50,32,4,0.0001,0.5,0,-73.46566038365198
1168,50,32,4,0.001,0.2,1,
1169,50,32,4,0.001,0.3,1,
1170,50,32,4,0.001,0.4,1,
1171,50,32,4,0.001,0.5,1,
1172,50,32,4,0.001,0.2,0,
1173,50,32,4,0.001,0.3,0,
1174,50,32,4,0.001,0.4,0,
1175,50,32,4,0.001,0.5,0,-135.49290583293222
1176,50,32,4,0.01,0.2,1,
1177,50,32,4,0.01,0.3,1,
1178,50,32,4,0.01,0.4,1,
1179,50,32,4,0.01,0.5,1,
1180,50,32,4,0.01,0.2,0,
1181,50,32,4,0.01,0.3,0,
1182,50,32,4,0.01,0.4,0,
1183,50,32,4,0.01,0.5,0,
1184,50,32,8,1e-05,0.2,1,
1185,50,32,8,1e-05,0.3,1,
1186,50,32,8,1e-05,0.4,1,
1187,50,32,8,1e-05,0.5,1,
1188,50,32,8,1e-05,0.2,0,
1189,50,32,8,1e-05,0.3,0,
1190,50,32,8,1e-05,0.4,0,
1191,50,32,8,1e-05,0.5,0,-105.25600583347322
1192,50,32,8,0.0001,0.2,1,
1193,50,32,8,0.0001,0.3,1,
1194,50,32,8,0.0001,0.4,1,
1195,50,32,8,0.0001,0.5,1,
1196,50,32,8,0.0001,0.2,0,
1197,50,32,8,0.0001,0.3,0,
1198,50,32,8,0.0001,0.4,0,
1199,50,32,8,0.0001,0.5,0,-179.93970169661029
1200,50,32,8,0.001,0.2,1,
1201,50,32,8,0.001,0.3,1,
1202,50,32,8,0.001,0.4,1,
1203,50,32,8,0.001,0.5,1,
1204,50,32,8,0.001,0.2,0,
1205,50,32,8,0.001,0.3,0,
1206,50,32,8,0.001,0.4,0,
1207,50,32,8,0.001,0.5,0,
1208,50,32,8,0.01,0.2,1,
1209,50,32,8,0.01,0.3,1,
1210,50,32,8,0.01,0.4,1,
1211,50,32,8,0.01,0.5,1,
1212,50,32,8,0.01,0.2,0,
1213,50,32,8,0.01,0.3,0,
1214,50,32,8,0.01,0.4,0,
1215,50,32,8,0.01,0.5,0,
1216,50,32,16,1e-05,0.2,1,
1217,50,32,16,1e-05,0.3,1,
1218,50,32,16,1e-05,0.4,1,
1219,50,32,16,1e-05,0.5,1,
1220,50,32,16,1e-05,0.2,0,
1221,50,32,16,1e-05,0.3,0,
1222,50,32,16,1e-05,0.4,0,
1223,50,32,16,1e-05,0.5,0,
1224,50,32,16,0.0001,0.2,1,
1225,50,32,16,0.0001,0.3,1,
1226,50,32,16,0.0001,0.4,1,
1227,50,32,16,0.0001,0.5,1,
1228,50,32,16,0.0001,0.2,0,
1229,50,32,16,0.0001,0.3,0,
1230,50,32,16,0.0001,0.4,0,
1231,50,32,16,0.0001,0.5,0,
1232,50,32,16,0.001,0.2,1,
1233,50,32,16,0.001,0.3,1,
1234,50,32,16,0.001,0.4,1,
1235,50,32,16,0.001,0.5,1,
1236,50,32,16,0.001,0.2,0,
1237,50,32,16,0.001,0.3,0,
1238,50,32,16,0.001,0.4,0,
1239,50,32,16,0.001,0.5,0,
1240,50,32,16,0.01,0.2,1,
1241,50,32,16,0.01,0.3,1,
1242,50,32,16,0.01,0.4,1,
1243,50,32,16,0.01,0.5,1,
1244,50,32,16,0.01,0.2,0,
1245,50,32,16,0.01,0.3,0,
1246,50,32,16,0.01,0.4,0,
1247,50,32,16,0.01,0.5,0,
1248,50,32,32,1e-05,0.2,1,
1249,50,32,32,1e-05,0.3,1,
1250,50,32,32,1e-05,0.4,1,
1251,50,32,32,1e-05,0.5,1,
1252,50,32,32,1e-05,0.2,0,
1253,50,32,32,1e-05,0.3,0,
1254,50,32,32,1e-05,0.4,0,
1255,50,32,32,1e-05,0.5,0,
1256,50,32,32,0.0001,0.2,1,
1257,50,32,32,0.0001,0.3,1,
1258,50,32,32,0.0001,0.4,1,
1259,50,32,32,0.0001,0.5,1,
1260,50,32,32,0.0001,0.2,0,
1261,50,32,32,0.0001,0.3,0,
1262,50,32,32,0.0001,0.4,0,
1263,50,32,32,0.0001,0.5,0,
1264,50,32,32,0.001,0.2,1,
1265,50,32,32,0.001,0.3,1,
1266,50,32,32,0.001,0.4,1,
1267,50,32,32,0.001,0.5,1,
1268,50,32,32,0.001,0.2,0,
1269,50,32,32,0.001,0.3,0,
1270,50,32,32,0.001,0.4,0,
1271,50,32,32,0.001,0.5,0,
1272,50,32,32,0.01,0.2,1,
1273,50,32,32,0.01,0.3,1,
1274,50,32,32,0.01,0.4,1,
1275,50,32,32,0.01,0.5,1,
1276,50,32,32,0.01,0.2,0,
1277,50,32,32,0.01,0.3,0,
1278,50,32,32,0.01,0.4,0,
1279,50,32,32,0.01,0.5,0,
1280,100,2,4,1e-05,0.2,1,
1281,100,2,4,1e-05,0.3,1,
1282,100,2,4,1e-05,0.4,1,
1283,100,2,4,1e-05,0.5,1,
1284,100,2,4,1e-05,0.2,0,
1285,100,2,4,1e-05,0.3,0,
1286,100,2,4,1e-05,0.4,0,
1287,100,2,4,1e-05,0.5,0,
1288,100,2,4,0.0001,0.2,1,
1289,100,2,4,0.0001,0.3,1,
1290,100,2,4,0.0001,0.4,1,
1291,100,2,4,0.0001,0.5,1,
1292,100,2,4,0.0001,0.2,0,
1293,100,2,4,0.0001,0.3,0,
1294,100,2,4,0.0001,0.4,0,
1295,100,2,4,0.0001,0.5,0,
1296,100,2,4,0.001,0.2,1,
1297,100,2,4,0.001,0.3,1,
1298,100,2,4,0.001,0.4,1,
1299,100,2,4,0.001,0.5,1,
1300,100,2,4,0.001,0.2,0,
1301,100,2,4,0.001,0.3,0,
1302,100,2,4,0.001,0.4,0,
1303,100,2,4,0.001,0.5,0,
1304,100,2,4,0.01,0.2,1,
1305,100,2,4,0.01,0.3,1,
1306,100,2,4,0.01,0.4,1,
1307,100,2,4,0.01,0.5,1,
1308,100,2,4,0.01,0.2,0,
1309,100,2,4,0.01,0.3,0,
1310,100,2,4,0.01,0.4,0,
1311,100,2,4,0.01,0.5,0,
1312,100,2,8,1e-05,0.2,1,
1313,100,2,8,1e-05,0.3,1,
1314,100,2,8,1e-05,0.4,1,
1315,100,2,8,1e-05,0.5,1,
1316,100,2,8,1e-05,0.2,0,
1317,100,2,8,1e-05,0.3,0,
1318,100,2,8,1e-05,0.4,0,
1319,100,2,8,1e-05,0.5,0,
1320,100,2,8,0.0001,0.2,1,
1321,100,2,8,0.0001,0.3,1,
1322,100,2,8,0.0001,0.4,1,
1323,100,2,8,0.0001,0.5,1,
1324,100,2,8,0.0001,0.2,0,
1325,100,2,8,0.0001,0.3,0,
1326,100,2,8,0.0001,0.4,0,
1327,100,2,8,0.0001,0.5,0,
1328,100,2,8,0.001,0.2,1,
1329,100,2,8,0.001,0.3,1,
1330,100,2,8,0.001,0.4,1,
1331,100,2,8,0.001,0.5,1,
1332,100,2,8,0.001,0.2,0,
1333,100,2,8,0.001,0.3,0,
1334,100,2,8,0.001,0.4,0,
1335,100,2,8,0.001,0.5,0,
1336,100,2,8,0.01,0.2,1,
1337,100,2,8,0.01,0.3,1,
1338,100,2,8,0.01,0.4,1,
1339,100,2,8,0.01,0.5,1,
1340,100,2,8,0.01,0.2,0,
1341,100,2,8,0.01,0.3,0,
1342,100,2,8,0.01,0.4,0,
1343,100,2,8,0.01,0.5,0,
1344,100,2,16,1e-05,0.2,1,
1345,100,2,16,1e-05,0.3,1,
1346,100,2,16,1e-05,0.4,1,
1347,100,2,16,1e-05,0.5,1,
1348,100,2,16,1e-05,0.2,0,
1349,100,2,16,1e-05,0.3,0,
1350,100,2,16,1e-05,0.4,0,
1351,100,2,16,1e-05,0.5,0,
1352,100,2,16,0.0001,0.2,1,
1353,100,2,16,0.0001,0.3,1,
1354,100,2,16,0.0001,0.4,1,
1355,100,2,16,0.0001,0.5,1,
1356,100,2,16,0.0001,0.2,0,
1357,100,2,16,0.0001,0.3,0,
1358,100,2,16,0.0001,0.4,0,
1359,100,2,16,0.0001,0.5,0,
1360,100,2,16,0.001,0.2,1,
1361,100,2,16,0.001,0.3,1,
1362,100,2,16,0.001,0.4,1,
1363,100,2,16,0.001,0.5,1,
1364,100,2,16,0.001,0.2,0,
1365,100,2,16,0.001,0.3,0,
1366,100,2,16,0.001,0.4,0,
1367,100,2,16,0.001,0.5,0,
1368,100,2,16,0.01,0.2,1,
1369,100,2,16,0.01,0.3,1,
1370,100,2,16,0.01,0.4,1,
1371,100,2,16,0.01,0.5,1,
1372,100,2,16,0.01,0.2,0,
1373,100,2,16,0.01,0.3,0,
1374,100,2,16,0.01,0.4,0,
1375,100,2,16,0.01,0.5,0,
1376,100,2,32,1e-05,0.2,1,
1377,100,2,32,1e-05,0.3,1,
1378,100,2,32,1e-05,0.4,1,
1379,100,2,32,1e-05,0.5,1,
1380,100,2,32,1e-05,0.2,0,
1381,100,2,32,1e-05,0.3,0,
1382,100,2,32,1e-05,0.4,0,
1383,100,2,32,1e-05,0.5,0,
1384,100,2,32,0.0001,0.2,1,
1385,100,2,32,0.0001,0.3,1,
1386,100,2,32,0.0001,0.4,1,
1387,100,2,32,0.0001,0.5,1,
1388,100,2,32,0.0001,0.2,0,
1389,100,2,32,0.0001,0.3,0,
1390,100,2,32,0.0001,0.4,0,
1391,100,2,32,0.0001,0.5,0,
1392,100,2,32,0.001,0.2,1,
1393,100,2,32,0.001,0.3,1,
1394,100,2,32,0.001,0.4,1,
1395,100,2,32,0.001,0.5,1,
1396,100,2,32,0.001,0.2,0,
1397,100,2,32,0.001,0.3,0,
1398,100,2,32,0.001,0.4,0,
1399,100,2,32,0.001,0.5,0,
1400,100,2,32,0.01,0.2,1,
1401,100,2,32,0.01,0.3,1,
1402,100,2,32,0.01,0.4,1,
1403,100,2,32,0.01,0.5,1,
1404,100,2,32,0.01,0.2,0,
1405,100,2,32,0.01,0.3,0,
1406,100,2,32,0.01,0.4,0,
1407,100,2,32,0.01,0.5,0,
1408,100,4,4,1e-05,0.2,1,
1409,100,4,4,1e-05,0.3,1,
1410,100,4,4,1e-05,0.4,1,
1411,100,4,4,1e-05,0.5,1,
1412,100,4,4,1e-05,0.2,0,
1413,100,4,4,1e-05,0.3,0,
1414,100,4,4,1e-05,0.4,0,
1415,100,4,4,1e-05,0.5,0,
1416,100,4,4,0.0001,0.2,1,
1417,100,4,4,0.0001,0.3,1,
1418,100,4,4,0.0001,0.4,1,
1419,100,4,4,0.0001,0.5,1,
1420,100,4,4,0.0001,0.2,0,
1421,100,4,4,0.0001,0.3,0,
1422,100,4,4,0.0001,0.4,0,
1423,100,4,4,0.0001,0.5,0,
1424,100,4,4,0.001,0.2,1,
1425,100,4,4,0.001,0.3,1,
1426,100,4,4,0.001,0.4,1,
1427,100,4,4,0.001,0.5,1,
1428,100,4,4,0.001,0.2,0,
1429,100,4,4,0.001,0.3,0,
1430,100,4,4,0.001,0.4,0,
1431,100,4,4,0.001,0.5,0,
1432,100,4,4,0.01,0.2,1,
1433,100,4,4,0.01,0.3,1,
1434,100,4,4,0.01,0.4,1,
1435,100,4,4,0.01,0.5,1,
1436,100,4,4,0.01,0.2,0,
1437,100,4,4,0.01,0.3,0,
1438,100,4,4,0.01,0.4,0,
1439,100,4,4,0.01,0.5,0,
1440,100,4,8,1e-05,0.2,1,
1441,100,4,8,1e-05,0.3,1,
1442,100,4,8,1e-05,0.4,1,
1443,100,4,8,1e-05,0.5,1,
1444,100,4,8,1e-05,0.2,0,
1445,100,4,8,1e-05,0.3,0,
1446,100,4,8,1e-05,0.4,0,
1447,100,4,8,1e-05,0.5,0,
1448,100,4,8,0.0001,0.2,1,
1449,100,4,8,0.0001,0.3,1,
1450,100,4,8,0.0001,0.4,1,
1451,100,4,8,0.0001,0.5,1,
1452,100,4,8,0.0001,0.2,0,
1453,100,4,8,0.0001,0.3,0,
1454,100,4,8,0.0001,0.4,0,
1455,100,4,8,0.0001,0.5,0,
1456,100,4,8,0.001,0.2,1,
1457,100,4,8,0.001,0.3,1,
1458,100,4,8,0.001,0.4,1,
1459,100,4,8,0.001,0.5,1,
1460,100,4,8,0.001,0.2,0,
1461,100,4,8,0.001,0.3,0,
1462,100,4,8,0.001,0.4,0,
1463,100,4,8,0.001,0.5,0,
1464,100,4,8,0.01,0.2,1,
1465,100,4,8,0.01,0.3,1,
1466,100,4,8,0.01,0.4,1,
1467,100,4,8,0.01,0.5,1,
1468,100,4,8,0.01,0.2,0,
1469,100,4,8,0.01,0.3,0,
1470,100,4,8,0.01,0.4,0,
1471,100,4,8,0.01,0.5,0,
1472,100,4,16,1e-05,0.2,1,
1473,100,4,16,1e-05,0.3,1,
1474,100,4,16,1e-05,0.4,1,
1475,100,4,16,1e-05,0.5,1,
1476,100,4,16,1e-05,0.2,0,
1477,100,4,16,1e-05,0.3,0,
1478,100,4,16,1e-05,0.4,0,
1479,100,4,16,1e-05,0.5,0,
1480,100,4,16,0.0001,0.2,1,
1481,100,4,16,0.0001,0.3,1,
1482,100,4,16,0.0001,0.4,1,
1483,100,4,16,0.0001,0.5,1,
1484,100,4,16,0.0001,0.2,0,
1485,100,4,16,0.0001,0.3,0,
1486,100,4,16,0.0001,0.4,0,
1487,100,4,16,0.0001,0.5,0,
1488,100,4,16,0.001,0.2,1,
1489,100,4,16,0.001,0.3,1,
1490,100,4,16,0.001,0.4,1,
1491,100,4,16,0.001,0.5,1,
1492,100,4,16,0.001,0.2,0,
1493,100,4,16,0.001,0.3,0,
1494,100,4,16,0.001,0.4,0,
1495,100,4,16,0.001,0.5,0,
1496,100,4,16,0.01,0.2,1,
1497,100,4,16,0.01,0.3,1,
1498,100,4,16,0.01,0.4,1,
1499,100,4,16,0.01,0.5,1,
1500,100,4,16,0.01,0.2,0,
1501,100,4,16,0.01,0.3,0,
1502,100,4,16,0.01,0.4,0,
1503,100,4,16,0.01,0.5,0,
1504,100,4,32,1e-05,0.2,1,
1505,100,4,32,1e-05,0.3,1,
1506,100,4,32,1e-05,0.4,1,
1507,100,4,32,1e-05,0.5,1,
1508,100,4,32,1e-05,0.2,0,
1509,100,4,32,1e-05,0.3,0,
1510,100,4,32,1e-05,0.4,0,
1511,100,4,32,1e-05,0.5,0,
1512,100,4,32,0.0001,0.2,1,
1513,100,4,32,0.0001,0.3,1,
1514,100,4,32,0.0001,0.4,1,
1515,100,4,32,0.0001,0.5,1,
1516,100,4,32,0.0001,0.2,0,
1517,100,4,32,0.0001,0.3,0,
1518,100,4,32,0.0001,0.4,0,
1519,100,4,32,0.0001,0.5,0,
1520,100,4,32,0.001,0.2,1,
1521,100,4,32,0.001,0.3,1,
1522,100,4,32,0.001,0.4,1,
1523,100,4,32,0.001,0.5,1,
1524,100,4,32,0.001,0.2,0,
1525,100,4,32,0.001,0.3,0,
1526,100,4,32,0.001,0.4,0,
1527,100,4,32,0.001,0.5,0,
1528,100,4,32,0.01,0.2,1,
1529,100,4,32,0.01,0.3,1,
1530,100,4,32,0.01,0.4,1,
1531,100,4,32,0.01,0.5,1,
1532,100,4,32,0.01,0.2,0,
1533,100,4,32,0.01,0.3,0,
1534,100,4,32,0.01,0.4,0,
1535,100,4,32,0.01,0.5,0,
1536,100,8,4,1e-05,0.2,1,
1537,100,8,4,1e-05,0.3,1,
1538,100,8,4,1e-05,0.4,1,
1539,100,8,4,1e-05,0.5,1,
1540,100,8,4,1e-05,0.2,0,
1541,100,8,4,1e-05,0.3,0,
1542,100,8,4,1e-05,0.4,0,
1543,100,8,4,1e-05,0.5,0,
1544,100,8,4,0.0001,0.2,1,
1545,100,8,4,0.0001,0.3,1,
1546,100,8,4,0.0001,0.4,1,
1547,100,8,4,0.0001,0.5,1,
1548,100,8,4,0.0001,0.2,0,
1549,100,8,4,0.0001,0.3,0,
1550,100,8,4,0.0001,0.4,0,
1551,100,8,4,0.0001,0.5,0,
1552,100,8,4,0.001,0.2,1,
1553,100,8,4,0.001,0.3,1,
1554,100,8,4,0.001,0.4,1,
1555,100,8,4,0.001,0.5,1,
1556,100,8,4,0.001,0.2,0,
1557,100,8,4,0.001,0.3,0,
1558,100,8,4,0.001,0.4,0,
1559,100,8,4,0.001,0.5,0,
1560,100,8,4,0.01,0.2,1,
1561,100,8,4,0.01,0.3,1,
1562,100,8,4,0.01,0.4,1,
1563,100,8,4,0.01,0.5,1,
1564,100,8,4,0.01,0.2,0,
1565,100,8,4,0.01,0.3,0,
1566,100,8,4,0.01,0.4,0,
1567,100,8,4,0.01,0.5,0,
1568,100,8,8,1e-05,0.2,1,
1569,100,8,8,1e-05,0.3,1,
1570,100,8,8,1e-05,0.4,1,
1571,100,8,8,1e-05,0.5,1,
1572,100,8,8,1e-05,0.2,0,
1573,100,8,8,1e-05,0.3,0,
1574,100,8,8,1e-05,0.4,0,
1575,100,8,8,1e-05,0.5,0,
1576,100,8,8,0.0001,0.2,1,
1577,100,8,8,0.0001,0.3,1,
1578,100,8,8,0.0001,0.4,1,
1579,100,8,8,0.0001,0.5,1,
1580,100,8,8,0.0001,0.2,0,
1581,100,8,8,0.0001,0.3,0,
1582,100,8,8,0.0001,0.4,0,
1583,100,8,8,0.0001,0.5,0,
1584,100,8,8,0.001,0.2,1,
1585,100,8,8,0.001,0.3,1,
1586,100,8,8,0.001,0.4,1,
1587,100,8,8,0.001,0.5,1,
1588,100,8,8,0.001,0.2,0,
1589,100,8,8,0.001,0.3,0,
1590,100,8,8,0.001,0.4,0,
1591,100,8,8,0.001,0.5,0,
1592,100,8,8,0.01,0.2,1,
1593,100,8,8,0.01,0.3,1,
1594,100,8,8,0.01,0.4,1,
1595,100,8,8,0.01,0.5,1,
1596,100,8,8,0.01,0.2,0,
1597,100,8,8,0.01,0.3,0,
1598,100,8,8,0.01,0.4,0,
1599,100,8,8,0.01,0.5,0,
1600,100,8,16,1e-05,0.2,1,
1601,100,8,16,1e-05,0.3,1,
1602,100,8,16,1e-05,0.4,1,
1603,100,8,16,1e-05,0.5,1,
1604,100,8,16,1e-05,0.2,0,
1605,100,8,16,1e-05,0.3,0,
1606,100,8,16,1e-05,0.4,0,
1607,100,8,16,1e-05,0.5,0,
1608,100,8,16,0.0001,0.2,1,
1609,100,8,16,0.0001,0.3,1,
1610,100,8,16,0.0001,0.4,1,
1611,100,8,16,0.0001,0.5,1,-134.78125688374612
1612,100,8,16,0.0001,0.2,0,
1613,100,8,16,0.0001,0.3,0,
1614,100,8,16,0.0001,0.4,0,
1615,100,8,16,0.0001,0.5,0,
1616,100,8,16,0.001,0.2,1,
1617,100,8,16,0.001,0.3,1,
1618,100,8,16,0.001,0.4,1,
1619,100,8,16,0.001,0.5,1,
1620,100,8,16,0.001,0.2,0,
1621,100,8,16,0.001,0.3,0,
1622,100,8,16,0.001,0.4,0,
1623,100,8,16,0.001,0.5,0,
1624,100,8,16,0.01,0.2,1,-259.01075100939545
1625,100,8,16,0.01,0.3,1,
1626,100,8,16,0.01,0.4,1,
1627,100,8,16,0.01,0.5,1,
1628,100,8,16,0.01,0.2,0,
1629,100,8,16,0.01,0.3,0,
1630,100,8,16,0.01,0.4,0,
1631,100,8,16,0.01,0.5,0,
1632,100,8,32,1e-05,0.2,1,
1633,100,8,32,1e-05,0.3,1,
1634,100,8,32,1e-05,0.4,1,
1635,100,8,32,1e-05,0.5,1,
1636,100,8,32,1e-05,0.2,0,
1637,100,8,32,1e-05,0.3,0,
1638,100,8,32,1e-05,0.4,0,
1639,100,8,32,1e-05,0.5,0,
1640,100,8,32,0.0001,0.2,1,
1641,100,8,32,0.0001,0.3,1,
1642,100,8,32,0.0001,0.4,1,
1643,100,8,32,0.0001,0.5,1,
1644,100,8,32,0.0001,0.2,0,
1645,100,8,32,0.0001,0.3,0,
1646,100,8,32,0.0001,0.4,0,
1647,100,8,32,0.0001,0.5,0,
1648,100,8,32,0.001,0.2,1,
1649,100,8,32,0.001,0.3,1,
1650,100,8,32,0.001,0.4,1,
1651,100,8,32,0.001,0.5,1,
1652,100,8,32,0.001,0.2,0,
1653,100,8,32,0.001,0.3,0,
1654,100,8,32,0.001,0.4,0,
1655,100,8,32,0.001,0.5,0,
1656,100,8,32,0.01,0.2,1,
1657,100,8,32,0.01,0.3,1,
1658,100,8,32,0.01,0.4,1,
1659,100,8,32,0.01,0.5,1,
1660,100,8,32,0.01,0.2,0,
1661,100,8,32,0.01,0.3,0,
1662,100,8,32,0.01,0.4,0,
1663,100,8,32,0.01,0.5,0,
1664,100,16,4,1e-05,0.2,1,
1665,100,16,4,1e-05,0.3,1,
1666,100,16,4,1e-05,0.4,1,
1667,100,16,4,1e-05,0.5,1,
1668,100,16,4,1e-05,0.2,0,
1669,100,16,4,1e-05,0.3,0,
1670,100,16,4,1e-05,0.4,0,
1671,100,16,4,1e-05,0.5,0,
1672,100,16,4,0.0001,0.2,1,
1673,100,16,4,0.0001,0.3,1,
1674,100,16,4,0.0001,0.4,1,
1675,100,16,4,0.0001,0.5,1,
1676,100,16,4,0.0001,0.2,0,
1677,100,16,4,0.0001,0.3,0,
1678,100,16,4,0.0001,0.4,0,
1679,100,16,4,0.0001,0.5,0,
1680,100,16,4,0.001,0.2,1,
1681,100,16,4,0.001,0.3,1,
1682,100,16,4,0.001,0.4,1,
1683,100,16,4,0.001,0.5,1,
1684,100,16,4,0.001,0.2,0,
1685,100,16,4,0.001,0.3,0,
1686,100,16,4,0.001,0.4,0,
1687,100,16,4,0.001,0.5,0,
1688,100,16,4,0.01,0.2,1,
1689,100,16,4,0.01,0.3,1,
1690,100,16,4,0.01,0.4,1,
1691,100,16,4,0.01,0.5,1,
1692,100,16,4,0.01,0.2,0,
1693,100,16,4,0.01,0.3,0,
1694,100,16,4,0.01,0.4,0,
1695,100,16,4,0.01,0.5,0,
1696,100,16,8,1e-05,0.2,1,
1697,100,16,8,1e-05,0.3,1,
1698,100,16,8,1e-05,0.4,1,
1699,100,16,8,1e-05,0.5,1,
1700,100,16,8,1e-05,0.2,0,
1701,100,16,8,1e-05,0.3,0,
1702,100,16,8,1e-05,0.4,0,
1703,100,16,8,1e-05,0.5,0,
1704,100,16,8,0.0001,0.2,1,
1705,100,16,8,0.0001,0.3,1,
1706,100,16,8,0.0001,0.4,1,
1707,100,16,8,0.0001,0.5,1,
1708,100,16,8,0.0001,0.2,0,
1709,100,16,8,0.0001,0.3,0,
1710,100,16,8,0.0001,0.4,0,
1711,100,16,8,0.0001,0.5,0,
1712,100,16,8,0.001,0.2,1,
1713,100,16,8,0.001,0.3,1,
1714,100,16,8,0.001,0.4,1,
1715,100,16,8,0.001,0.5,1,
1716,100,16,8,0.001,0.2,0,
1717,100,16,8,0.001,0.3,0,
1718,100,16,8,0.001,0.4,0,
1719,100,16,8,0.001,0.5,0,
1720,100,16,8,0.01,0.2,1,
1721,100,16,8,0.01,0.3,1,
1722,100,16,8,0.01,0.4,1,
1723,100,16,8,0.01,0.5,1,
1724,100,16,8,0.01,0.2,0,
1725,100,16,8,0.01,0.3,0,
1726,100,16,8,0.01,0.4,0,
1727,100,16,8,0.01,0.5,0,
1728,100,16,16,1e-05,0.2,1,
1729,100,16,16,1e-05,0.3,1,
1730,100,16,16,1e-05,0.4,1,
1731,100,16,16,1e-05,0.5,1,
1732,100,16,16,1e-05,0.2,0,
1733,100,16,16,1e-05,0.3,0,
1734,100,16,16,1e-05,0.4,0,
1735,100,16,16,1e-05,0.5,0,
1736,100,16,16,0.0001,0.2,1,
1737,100,16,16,0.0001,0.3,1,
1738,100,16,16,0.0001,0.4,1,
1739,100,16,16,0.0001,0.5,1,
1740,100,16,16,0.0001,0.2,0,
1741,100,16,16,0.0001,0.3,0,
1742,100,16,16,0.0001,0.4,0,
1743,100,16,16,0.0001,0.5,0,
1744,100,16,16,0.001,0.2,1,
1745,100,16,16,0.001,0.3,1,
1746,100,16,16,0.001,0.4,1,
1747,100,16,16,0.001,0.5,1,
1748,100,16,16,0.001,0.2,0,
1749,100,16,16,0.001,0.3,0,
1750,100,16,16,0.001,0.4,0,
1751,100,16,16,0.001,0.5,0,
1752,100,16,16,0.01,0.2,1,
1753,100,16,16,0.01,0.3,1,
1754,100,16,16,0.01,0.4,1,
1755,100,16,16,0.01,0.5,1,
1756,100,16,16,0.01,0.2,0,
1757,100,16,16,0.01,0.3,0,
1758,100,16,16,0.01,0.4,0,
1759,100,16,16,0.01,0.5,0,
1760,100,16,32,1e-05,0.2,1,
1761,100,16,32,1e-05,0.3,1,
1762,100,16,32,1e-05,0.4,1,
1763,100,16,32,1e-05,0.5,1,
1764,100,16,32,1e-05,0.2,0,
1765,100,16,32,1e-05,0.3,0,
1766,100,16,32,1e-05,0.4,0,
1767,100,16,32,1e-05,0.5,0,
1768,100,16,32,0.0001,0.2,1,
1769,100,16,32,0.0001,0.3,1,
1770,100,16,32,0.0001,0.4,1,
1771,100,16,32,0.0001,0.5,1,
1772,100,16,32,0.0001,0.2,0,
1773,100,16,32,0.0001,0.3,0,
1774,100,16,32,0.0001,0.4,0,
1775,100,16,32,0.0001,0.5,0,
1776,100,16,32,0.001,0.2,1,
1777,100,16,32,0.001,0.3,1,
1778,100,16,32,0.001,0.4,1,
1779,100,16,32,0.001,0.5,1,
1780,100,16,32,0.001,0.2,0,
1781,100,16,32,0.001,0.3,0,
1782,100,16,32,0.001,0.4,0,
1783,100,16,32,0.001,0.5,0,
1784,100,16,32,0.01,0.2,1,
1785,100,16,32,0.01,0.3,1,
1786,100,16,32,0.01,0.4,1,
1787,100,16,32,0.01,0.5,1,
1788,100,16,32,0.01,0.2,0,
1789,100,16,32,0.01,0.3,0,
1790,100,16,32,0.01,0.4,0,
1791,100,16,32,0.01,0.5,0,
1792,100,32,4,1e-05,0.2,1,
1793,100,32,4,1e-05,0.3,1,
1794,100,32,4,1e-05,0.4,1,
1795,100,32,4,1e-05,0.5,1,
1796,100,32,4,1e-05,0.2,0,
1797,100,32,4,1e-05,0.3,0,
1798,100,32,4,1e-05,0.4,0,
1799,100,32,4,1e-05,0.5,0,-116.78411842106216
1800,100,32,4,0.0001,0.2,1,
1801,100,32,4,0.0001,0.3,1,
1802,100,32,4,0.0001,0.4,1,
1803,100,32,4,0.0001,0.5,1,
1804,100,32,4,0.0001,0.2,0,
1805,100,32,4,0.0001,0.3,0,
1806,100,32,4,0.0001,0.4,0,
1807,100,32,4,0.0001,0.5,0,
1808,100,32,4,0.001,0.2,1,
1809,100,32,4,0.001,0.3,1,
1810,100,32,4,0.001,0.4,1,
1811,100,32,4,0.001,0.5,1,
1812,100,32,4,0.001,0.2,0,
1813,100,32,4,0.001,0.3,0,
1814,100,32,4,0.001,0.4,0,
1815,100,32,4,0.001,0.5,0,
1816,100,32,4,0.01,0.2,1,
1817,100,32,4,0.01,0.3,1,
1818,100,32,4,0.01,0.4,1,
1819,100,32,4,0.01,0.5,1,
1820,100,32,4,0.01,0.2,0,
1821,100,32,4,0.01,0.3,0,
1822,100,32,4,0.01,0.4,0,
1823,100,32,4,0.01,0.5,0,
1824,100,32,8,1e-05,0.2,1,
1825,100,32,8,1e-05,0.3,1,
1826,100,32,8,1e-05,0.4,1,
1827,100,32,8,1e-05,0.5,1,
1828,100,32,8,1e-05,0.2,0,
1829,100,32,8,1e-05,0.3,0,
1830,100,32,8,1e-05,0.4,0,
1831,100,32,8,1e-05,0.5,0,
1832,100,32,8,0.0001,0.2,1,
1833,100,32,8,0.0001,0.3,1,
1834,100,32,8,0.0001,0.4,1,
1835,100,32,8,0.0001,0.5,1,
1836,100,32,8,0.0001,0.2,0,
1837,100,32,8,0.0001,0.3,0,
1838,100,32,8,0.0001,0.4,0,
1839,100,32,8,0.0001,0.5,0,
1840,100,32,8,0.001,0.2,1,
1841,100,32,8,0.001,0.3,1,
1842,100,32,8,0.001,0.4,1,
1843,100,32,8,0.001,0.5,1,
1844,100,32,8,0.001,0.2,0,
1845,100,32,8,0.001,0.3,0,
1846,100,32,8,0.001,0.4,0,
1847,100,32,8,0.001,0.5,0,
1848,100,32,8,0.01,0.2,1,
1849,100,32,8,0.01,0.3,1,
1850,100,32,8,0.01,0.4,1,
1851,100,32,8,0.01,0.5,1,
1852,100,32,8,0.01,0.2,0,
1853,100,32,8,0.01,0.3,0,
1854,100,32,8,0.01,0.4,0,
1855,100,32,8,0.01,0.5,0,
1856,100,32,16,1e-05,0.2,1,
1857,100,32,16,1e-05,0.3,1,
1858,100,32,16,1e-05,0.4,1,
1859,100,32,16,1e-05,0.5,1,-102.65474594617501
1860,100,32,16,1e-05,0.2,0,
1861,100,32,16,1e-05,0.3,0,
1862,100,32,16,1e-05,0.4,0,
1863,100,32,16,1e-05,0.5,0,
1864,100,32,16,0.0001,0.2,1,
1865,100,32,16,0.0001,0.3,1,
1866,100,32,16,0.0001,0.4,1,
1867,100,32,16,0.0001,0.5,1,
1868,100,32,16,0.0001,0.2,0,
1869,100,32,16,0.0001,0.3,0,
1870,100,32,16,0.0001,0.4,0,
1871,100,32,16,0.0001,0.5,0,
1872,100,32,16,0.001,0.2,1,
1873,100,32,16,0.001,0.3,1,
1874,100,32,16,0.001,0.4,1,
1875,100,32,16,0.001,0.5,1,
1876,100,32,16,0.001,0.2,0,
1877,100,32,16,0.001,0.3,0,
1878,100,32,16,0.001,0.4,0,
1879,100,32,16,0.001,0.5,0,
1880,100,32,16,0.01,0.2,1,
1881,100,32,16,0.01,0.3,1,
1882,100,32,16,0.01,0.4,1,
1883,100,32,16,0.01,0.5,1,
1884,100,32,16,0.01,0.2,0,
1885,100,32,16,0.01,0.3,0,
1886,100,32,16,0.01,0.4,0,
1887,100,32,16,0.01,0.5,0,
1888,100,32,32,1e-05,0.2,1,
1889,100,32,32,1e-05,0.3,1,
1890,100,32,32,1e-05,0.4,1,
1891,100,32,32,1e-05,0.5,1,
1892,100,32,32,1e-05,0.2,0,
1893,100,32,32,1e-05,0.3,0,
1894,100,32,32,1e-05,0.4,0,
1895,100,32,32,1e-05,0.5,0,
1896,100,32,32,0.0001,0.2,1,
1897,100,32,32,0.0001,0.3,1,
1898,100,32,32,0.0001,0.4,1,
1899,100,32,32,0.0001,0.5,1,
1900,100,32,32,0.0001,0.2,0,
1901,100,32,32,0.0001,0.3,0,
1902,100,32,32,0.0001,0.4,0,
1903,100,32,32,0.0001,0.5,0,
1904,100,32,32,0.001,0.2,1,
1905,100,32,32,0.001,0.3,1,
1906,100,32,32,0.001,0.4,1,
1907,100,32,32,0.001,0.5,1,
1908,100,32,32,0.001,0.2,0,
1909,100,32,32,0.001,0.3,0,
1910,100,32,32,0.001,0.4,0,
1911,100,32,32,0.001,0.5,0,
1912,100,32,32,0.01,0.2,1,
1913,100,32,32,0.01,0.3,1,
1914,100,32,32,0.01,0.4,1,
1915,100,32,32,0.01,0.5,1,
1916,100,32,32,0.01,0.2,0,
1917,100,32,32,0.01,0.3,0,
1918,100,32,32,0.01,0.4,0,
1919,100,32,32,0.01,0.5,0,
1920,200,2,4,1e-05,0.2,1,
1921,200,2,4,1e-05,0.3,1,
1922,200,2,4,1e-05,0.4,1,
1923,200,2,4,1e-05,0.5,1,
1924,200,2,4,1e-05,0.2,0,
1925,200,2,4,1e-05,0.3,0,
1926,200,2,4,1e-05,0.4,0,
1927,200,2,4,1e-05,0.5,0,
1928,200,2,4,0.0001,0.2,1,
1929,200,2,4,0.0001,0.3,1,
1930,200,2,4,0.0001,0.4,1,
1931,200,2,4,0.0001,0.5,1,
1932,200,2,4,0.0001,0.2,0,
1933,200,2,4,0.0001,0.3,0,
1934,200,2,4,0.0001,0.4,0,
1935,200,2,4,0.0001,0.5,0,
1936,200,2,4,0.001,0.2,1,
1937,200,2,4,0.001,0.3,1,-96.48490642815382
1938,200,2,4,0.001,0.4,1,
1939,200,2,4,0.001,0.5,1,
1940,200,2,4,0.001,0.2,0,
1941,200,2,4,0.001,0.3,0,
1942,200,2,4,0.001,0.4,0,
1943,200,2,4,0.001,0.5,0,
1944,200,2,4,0.01,0.2,1,
1945,200,2,4,0.01,0.3,1,
1946,200,2,4,0.01,0.4,1,
1947,200,2,4,0.01,0.5,1,
1948,200,2,4,0.01,0.2,0,
1949,200,2,4,0.01,0.3,0,
1950,200,2,4,0.01,0.4,0,
1951,200,2,4,0.01,0.5,0,
1952,200,2,8,1e-05,0.2,1,
1953,200,2,8,1e-05,0.3,1,
1954,200,2,8,1e-05,0.4,1,
1955,200,2,8,1e-05,0.5,1,
1956,200,2,8,1e-05,0.2,0,-104.39096477044808
1957,200,2,8,1e-05,0.3,0,
1958,200,2,8,1e-05,0.4,0,
1959,200,2,8,1e-05,0.5,0,
1960,200,2,8,0.0001,0.2,1,
1961,200,2,8,0.0001,0.3,1,
1962,200,2,8,0.0001,0.4,1,
1963,200,2,8,0.0001,0.5,1,
1964,200,2,8,0.0001,0.2,0,
1965,200,2,8,0.0001,0.3,0,
1966,200,2,8,0.0001,0.4,0,
1967,200,2,8,0.0001,0.5,0,
1968,200,2,8,0.001,0.2,1,
1969,200,2,8,0.001,0.3,1,
1970,200,2,8,0.001,0.4,1,
1971,200,2,8,0.001,0.5,1,
1972,200,2,8,0.001,0.2,0,
1973,200,2,8,0.001,0.3,0,
1974,200,2,8,0.001,0.4,0,
1975,200,2,8,0.001,0.5,0,
1976,200,2,8,0.01,0.2,1,
1977,200,2,8,0.01,0.3,1,
1978,200,2,8,0.01,0.4,1,
1979,200,2,8,0.01,0.5,1,
1980,200,2,8,0.01,0.2,0,
1981,200,2,8,0.01,0.3,0,
1982,200,2,8,0.01,0.4,0,
1983,200,2,8,0.01,0.5,0,
1984,200,2,16,1e-05,0.2,1,
1985,200,2,16,1e-05,0.3,1,
1986,200,2,16,1e-05,0.4,1,
1987,200,2,16,1e-05,0.5,1,
1988,200,2,16,1e-05,0.2,0,
1989,200,2,16,1e-05,0.3,0,
1990,200,2,16,1e-05,0.4,0,
1991,200,2,16,1e-05,0.5,0,
1992,200,2,16,0.0001,0.2,1,
1993,200,2,16,0.0001,0.3,1,
1994,200,2,16,0.0001,0.4,1,
1995,200,2,16,0.0001,0.5,1,
1996,200,2,16,0.0001,0.2,0,
1997,200,2,16,0.0001,0.3,0,
1998,200,2,16,0.0001,0.4,0,
1999,200,2,16,0.0001,0.5,0,
2000,200,2,16,0.001,0.2,1,
2001,200,2,16,0.001,0.3,1,
2002,200,2,16,0.001,0.4,1,
2003,200,2,16,0.001,0.5,1,
2004,200,2,16,0.001,0.2,0,
2005,200,2,16,0.001,0.3,0,
2006,200,2,16,0.001,0.4,0,
2007,200,2,16,0.001,0.5,0,
2008,200,2,16,0.01,0.2,1,
2009,200,2,16,0.01,0.3,1,
2010,200,2,16,0.01,0.4,1,
2011,200,2,16,0.01,0.5,1,
2012,200,2,16,0.01,0.2,0,
2013,200,2,16,0.01,0.3,0,
2014,200,2,16,0.01,0.4,0,
2015,200,2,16,0.01,0.5,0,
2016,200,2,32,1e-05,0.2,1,
2017,200,2,32,1e-05,0.3,1,
2018,200,2,32,1e-05,0.4,1,
2019,200,2,32,1e-05,0.5,1,
2020,200,2,32,1e-05,0.2,0,
2021,200,2,32,1e-05,0.3,0,
2022,200,2,32,1e-05,0.4,0,
2023,200,2,32,1e-05,0.5,0,
2024,200,2,32,0.0001,0.2,1,
2025,200,2,32,0.0001,0.3,1,
2026,200,2,32,0.0001,0.4,1,
2027,200,2,32,0.0001,0.5,1,
2028,200,2,32,0.0001,0.2,0,
2029,200,2,32,0.0001,0.3,0,
2030,200,2,32,0.0001,0.4,0,
2031,200,2,32,0.0001,0.5,0,
2032,200,2,32,0.001,0.2,1,
2033,200,2,32,0.001,0.3,1,
2034,200,2,32,0.001,0.4,1,
2035,200,2,32,0.001,0.5,1,
2036,200,2,32,0.001,0.2,0,
2037,200,2,32,0.001,0.3,0,
2038,200,2,32,0.001,0.4,0,
2039,200,2,32,0.001,0.5,0,
2040,200,2,32,0.01,0.2,1,
2041,200,2,32,0.01,0.3,1,
2042,200,2,32,0.01,0.4,1,
2043,200,2,32,0.01,0.5,1,
2044,200,2,32,0.01,0.2,0,
2045,200,2,32,0.01,0.3,0,
2046,200,2,32,0.01,0.4,0,
2047,200,2,32,0.01,0.5,0,
2048,200,4,4,1e-05,0.2,1,
2049,200,4,4,1e-05,0.3,1,
2050,200,4,4,1e-05,0.4,1,
2051,200,4,4,1e-05,0.5,1,
2052,200,4,4,1e-05,0.2,0,
2053,200,4,4,1e-05,0.3,0,
2054,200,4,4,1e-05,0.4,0,
2055,200,4,4,1e-05,0.5,0,
2056,200,4,4,0.0001,0.2,1,
2057,200,4,4,0.0001,0.3,1,
2058,200,4,4,0.0001,0.4,1,
2059,200,4,4,0.0001,0.5,1,
2060,200,4,4,0.0001,0.2,0,
2061,200,4,4,0.0001,0.3,0,
2062,200,4,4,0.0001,0.4,0,
2063,200,4,4,0.0001,0.5,0,
2064,200,4,4,0.001,0.2,1,
2065,200,4,4,0.001,0.3,1,
2066,200,4,4,0.001,0.4,1,
2067,200,4,4,0.001,0.5,1,
2068,200,4,4,0.001,0.2,0,
2069,200,4,4,0.001,0.3,0,
2070,200,4,4,0.001,0.4,0,
2071,200,4,4,0.001,0.5,0,
2072,200,4,4,0.01,0.2,1,
2073,200,4,4,0.01,0.3,1,
2074,200,4,4,0.01,0.4,1,
2075,200,4,4,0.01,0.5,1,
2076,200,4,4,0.01,0.2,0,
2077,200,4,4,0.01,0.3,0,
2078,200,4,4,0.01,0.4,0,
2079,200,4,4,0.01,0.5,0,
2080,200,4,8,1e-05,0.2,1,
2081,200,4,8,1e-05,0.3,1,
2082,200,4,8,1e-05,0.4,1,-91.5982453004732
2083,200,4,8,1e-05,0.5,1,
2084,200,4,8,1e-05,0.2,0,
2085,200,4,8,1e-05,0.3,0,
2086,200,4,8,1e-05,0.4,0,
2087,200,4,8,1e-05,0.5,0,
2088,200,4,8,0.0001,0.2,1,
2089,200,4,8,0.0001,0.3,1,
2090,200,4,8,0.0001,0.4,1,-149.8976336279773
2091,200,4,8,0.0001,0.5,1,
2092,200,4,8,0.0001,0.2,0,
2093,200,4,8,0.0001,0.3,0,
2094,200,4,8,0.0001,0.4,0,
2095,200,4,8,0.0001,0.5,0,
2096,200,4,8,0.001,0.2,1,
2097,200,4,8,0.001,0.3,1,
2098,200,4,8,0.001,0.4,1,
2099,200,4,8,0.001,0.5,1,
2100,200,4,8,0.001,0.2,0,
2101,200,4,8,0.001,0.3,0,
2102,200,4,8,0.001,0.4,0,
2103,200,4,8,0.001,0.5,0,
2104,200,4,8,0.01,0.2,1,
2105,200,4,8,0.01,0.3,1,
2106,200,4,8,0.01,0.4,1,
2107,200,4,8,0.01,0.5,1,
2108,200,4,8,0.01,0.2,0,
2109,200,4,8,0.01,0.3,0,
2110,200,4,8,0.01,0.4,0,
2111,200,4,8,0.01,0.5,0,
2112,200,4,16,1e-05,0.2,1,
2113,200,4,16,1e-05,0.3,1,
2114,200,4,16,1e-05,0.4,1,
2115,200,4,16,1e-05,0.5,1,
2116,200,4,16,1e-05,0.2,0,
2117,200,4,16,1e-05,0.3,0,
2118,200,4,16,1e-05,0.4,0,
2119,200,4,16,1e-05,0.5,0,
2120,200,4,16,0.0001,0.2,1,
2121,200,4,16,0.0001,0.3,1,
2122,200,4,16,0.0001,0.4,1,
2123,200,4,16,0.0001,0.5,1,
2124,200,4,16,0.0001,0.2,0,
2125,200,4,16,0.0001,0.3,0,
2126,200,4,16,0.0001,0.4,0,
2127,200,4,16,0.0001,0.5,0,
2128,200,4,16,0.001,0.2,1,
2129,200,4,16,0.001,0.3,1,
2130,200,4,16,0.001,0.4,1,
2131,200,4,16,0.001,0.5,1,
2132,200,4,16,0.001,0.2,0,
2133,200,4,16,0.001,0.3,0,
2134,200,4,16,0.001,0.4,0,
2135,200,4,16,0.001,0.5,0,
2136,200,4,16,0.01,0.2,1,
2137,200,4,16,0.01,0.3,1,
2138,200,4,16,0.01,0.4,1,
2139,200,4,16,0.01,0.5,1,
2140,200,4,16,0.01,0.2,0,
2141,200,4,16,0.01,0.3,0,
2142,200,4,16,0.01,0.4,0,
2143,200,4,16,0.01,0.5,0,
2144,200,4,32,1e-05,0.2,1,
2145,200,4,32,1e-05,0.3,1,
2146,200,4,32,1e-05,0.4,1,
2147,200,4,32,1e-05,0.5,1,
2148,200,4,32,1e-05,0.2,0,
2149,200,4,32,1e-05,0.3,0,
2150,200,4,32,1e-05,0.4,0,
2151,200,4,32,1e-05,0.5,0,
2152,200,4,32,0.0001,0.2,1,
2153,200,4,32,0.0001,0.3,1,
2154,200,4,32,0.0001,0.4,1,
2155,200,4,32,0.0001,0.5,1,
2156,200,4,32,0.0001,0.2,0,
2157,200,4,32,0.0001,0.3,0,
2158,200,4,32,0.0001,0.4,0,
2159,200,4,32,0.0001,0.5,0,
2160,200,4,32,0.001,0.2,1,
2161,200,4,32,0.001,0.3,1,
2162,200,4,32,0.001,0.4,1,
2163,200,4,32,0.001,0.5,1,
2164,200,4,32,0.001,0.2,0,
2165,200,4,32,0.001,0.3,0,
2166,200,4,32,0.001,0.4,0,
2167,200,4,32,0.001,0.5,0,
2168,200,4,32,0.01,0.2,1,
2169,200,4,32,0.01,0.3,1,
2170,200,4,32,0.01,0.4,1,
2171,200,4,32,0.01,0.5,1,
2172,200,4,32,0.01,0.2,0,
2173,200,4,32,0.01,0.3,0,
2174,200,4,32,0.01,0.4,0,
2175,200,4,32,0.01,0.5,0,
2176,200,8,4,1e-05,0.2,1,
2177,200,8,4,1e-05,0.3,1,
2178,200,8,4,1e-05,0.4,1,
2179,200,8,4,1e-05,0.5,1,
2180,200,8,4,1e-05,0.2,0,
2181,200,8,4,1e-05,0.3,0,
2182,200,8,4,1e-05,0.4,0,
2183,200,8,4,1e-05,0.5,0,
2184,200,8,4,0.0001,0.2,1,-209.93477261334826
2185,200,8,4,0.0001,0.3,1,
2186,200,8,4,0.0001,0.4,1,
2187,200,8,4,0.0001,0.5,1,
2188,200,8,4,0.0001,0.2,0,
2189,200,8,4,0.0001,0.3,0,
2190,200,8,4,0.0001,0.4,0,
2191,200,8,4,0.0001,0.5,0,
2192,200,8,4,0.001,0.2,1,
2193,200,8,4,0.001,0.3,1,
2194,200,8,4,0.001,0.4,1,
2195,200,8,4,0.001,0.5,1,
2196,200,8,4,0.001,0.2,0,
2197,200,8,4,0.001,0.3,0,
2198,200,8,4,0.001,0.4,0,
2199,200,8,4,0.001,0.5,0,
2200,200,8,4,0.01,0.2,1,
2201,200,8,4,0.01,0.3,1,
2202,200,8,4,0.01,0.4,1,
2203,200,8,4,0.01,0.5,1,
2204,200,8,4,0.01,0.2,0,
2205,200,8,4,0.01,0.3,0,
2206,200,8,4,0.01,0.4,0,
2207,200,8,4,0.01,0.5,0,
2208,200,8,8,1e-05,0.2,1,
2209,200,8,8,1e-05,0.3,1,
2210,200,8,8,1e-05,0.4,1,
2211,200,8,8,1e-05,0.5,1,
2212,200,8,8,1e-05,0.2,0,
2213,200,8,8,1e-05,0.3,0,
2214,200,8,8,1e-05,0.4,0,
2215,200,8,8,1e-05,0.5,0,
2216,200,8,8,0.0001,0.2,1,
2217,200,8,8,0.0001,0.3,1,
2218,200,8,8,0.0001,0.4,1,
2219,200,8,8,0.0001,0.5,1,
2220,200,8,8,0.0001,0.2,0,
2221,200,8,8,0.0001,0.3,0,
2222,200,8,8,0.0001,0.4,0,
2223,200,8,8,0.0001,0.5,0,
2224,200,8,8,0.001,0.2,1,
2225,200,8,8,0.001,0.3,1,
2226,200,8,8,0.001,0.4,1,
2227,200,8,8,0.001,0.5,1,
2228,200,8,8,0.001,0.2,0,
2229,200,8,8,0.001,0.3,0,
2230,200,8,8,0.001,0.4,0,
2231,200,8,8,0.001,0.5,0,
2232,200,8,8,0.01,0.2,1,
2233,200,8,8,0.01,0.3,1,
2234,200,8,8,0.01,0.4,1,
2235,200,8,8,0.01,0.5,1,
2236,200,8,8,0.01,0.2,0,
2237,200,8,8,0.01,0.3,0,
2238,200,8,8,0.01,0.4,0,
2239,200,8,8,0.01,0.5,0,
2240,200,8,16,1e-05,0.2,1,
2241,200,8,16,1e-05,0.3,1,
2242,200,8,16,1e-05,0.4,1,
2243,200,8,16,1e-05,0.5,1,
2244,200,8,16,1e-05,0.2,0,
2245,200,8,16,1e-05,0.3,0,
2246,200,8,16,1e-05,0.4,0,
2247,200,8,16,1e-05,0.5,0,
2248,200,8,16,0.0001,0.2,1,
2249,200,8,16,0.0001,0.3,1,
2250,200,8,16,0.0001,0.4,1,
2251,200,8,16,0.0001,0.5,1,
2252,200,8,16,0.0001,0.2,0,
2253,200,8,16,0.0001,0.3,0,
2254,200,8,16,0.0001,0.4,0,
2255,200,8,16,0.0001,0.5,0,
2256,200,8,16,0.001,0.2,1,
2257,200,8,16,0.001,0.3,1,
2258,200,8,16,0.001,0.4,1,
2259,200,8,16,0.001,0.5,1,
2260,200,8,16,0.001,0.2,0,
2261,200,8,16,0.001,0.3,0,
2262,200,8,16,0.001,0.4,0,
2263,200,8,16,0.001,0.5,0,
2264,200,8,16,0.01,0.2,1,
2265,200,8,16,0.01,0.3,1,
2266,200,8,16,0.01,0.4,1,
2267,200,8,16,0.01,0.5,1,
2268,200,8,16,0.01,0.2,0,
2269,200,8,16,0.01,0.3,0,
2270,200,8,16,0.01,0.4,0,
2271,200,8,16,0.01,0.5,0,
2272,200,8,32,1e-05,0.2,1,
2273,200,8,32,1e-05,0.3,1,
2274,200,8,32,1e-05,0.4,1,
2275,200,8,32,1e-05,0.5,1,
2276,200,8,32,1e-05,0.2,0,
2277,200,8,32,1e-05,0.3,0,
2278,200,8,32,1e-05,0.4,0,
2279,200,8,32,1e-05,0.5,0,
2280,200,8,32,0.0001,0.2,1,
2281,200,8,32,0.0001,0.3,1,
2282,200,8,32,0.0001,0.4,1,
2283,200,8,32,0.0001,0.5,1,
2284,200,8,32,0.0001,0.2,0,
2285,200,8,32,0.0001,0.3,0,
2286,200,8,32,0.0001,0.4,0,
2287,200,8,32,0.0001,0.5,0,
2288,200,8,32,0.001,0.2,1,
2289,200,8,32,0.001,0.3,1,
2290,200,8,32,0.001,0.4,1,
2291,200,8,32,0.001,0.5,1,
2292,200,8,32,0.001,0.2,0,
2293,200,8,32,0.001,0.3,0,
2294,200,8,32,0.001,0.4,0,
2295,200,8,32,0.001,0.5,0,
2296,200,8,32,0.01,0.2,1,
2297,200,8,32,0.01,0.3,1,
2298,200,8,32,0.01,0.4,1,
2299,200,8,32,0.01,0.5,1,
2300,200,8,32,0.01,0.2,0,
2301,200,8,32,0.01,0.3,0,
2302,200,8,32,0.01,0.4,0,
2303,200,8,32,0.01,0.5,0,
2304,200,16,4,1e-05,0.2,1,
2305,200,16,4,1e-05,0.3,1,
2306,200,16,4,1e-05,0.4,1,
2307,200,16,4,1e-05,0.5,1,
2308,200,16,4,1e-05,0.2,0,
2309,200,16,4,1e-05,0.3,0,
2310,200,16,4,1e-05,0.4,0,
2311,200,16,4,1e-05,0.5,0,
2312,200,16,4,0.0001,0.2,1,
2313,200,16,4,0.0001,0.3,1,
2314,200,16,4,0.0001,0.4,1,
2315,200,16,4,0.0001,0.5,1,
2316,200,16,4,0.0001,0.2,0,
2317,200,16,4,0.0001,0.3,0,
2318,200,16,4,0.0001,0.4,0,
2319,200,16,4,0.0001,0.5,0,
2320,200,16,4,0.001,0.2,1,
2321,200,16,4,0.001,0.3,1,
2322,200,16,4,0.001,0.4,1,
2323,200,16,4,0.001,0.5,1,
2324,200,16,4,0.001,0.2,0,
2325,200,16,4,0.001,0.3,0,
2326,200,16,4,0.001,0.4,0,
2327,200,16,4,0.001,0.5,0,
2328,200,16,4,0.01,0.2,1,
2329,200,16,4,0.01,0.3,1,
2330,200,16,4,0.01,0.4,1,
2331,200,16,4,0.01,0.5,1,
2332,200,16,4,0.01,0.2,0,
2333,200,16,4,0.01,0.3,0,
2334,200,16,4,0.01,0.4,0,
2335,200,16,4,0.01,0.5,0,
2336,200,16,8,1e-05,0.2,1,
2337,200,16,8,1e-05,0.3,1,
2338,200,16,8,1e-05,0.4,1,
2339,200,16,8,1e-05,0.5,1,
2340,200,16,8,1e-05,0.2,0,
2341,200,16,8,1e-05,0.3,0,
2342,200,16,8,1e-05,0.4,0,
2343,200,16,8,1e-05,0.5,0,
2344,200,16,8,0.0001,0.2,1,
2345,200,16,8,0.0001,0.3,1,
2346,200,16,8,0.0001,0.4,1,
2347,200,16,8,0.0001,0.5,1,
2348,200,16,8,0.0001,0.2,0,
2349,200,16,8,0.0001,0.3,0,
2350,200,16,8,0.0001,0.4,0,
2351,200,16,8,0.0001,0.5,0,
2352,200,16,8,0.001,0.2,1,
2353,200,16,8,0.001,0.3,1,
2354,200,16,8,0.001,0.4,1,
2355,200,16,8,0.001,0.5,1,
2356,200,16,8,0.001,0.2,0,
2357,200,16,8,0.001,0.3,0,
2358,200,16,8,0.001,0.4,0,
2359,200,16,8,0.001,0.5,0,
2360,200,16,8,0.01,0.2,1,
2361,200,16,8,0.01,0.3,1,
2362,200,16,8,0.01,0.4,1,
2363,200,16,8,0.01,0.5,1,
2364,200,16,8,0.01,0.2,0,
2365,200,16,8,0.01,0.3,0,
2366,200,16,8,0.01,0.4,0,
2367,200,16,8,0.01,0.5,0,
2368,200,16,16,1e-05,0.2,1,
2369,200,16,16,1e-05,0.3,1,
2370,200,16,16,1e-05,0.4,1,
2371,200,16,16,1e-05,0.5,1,
2372,200,16,16,1e-05,0.2,0,
2373,200,16,16,1e-05,0.3,0,
2374,200,16,16,1e-05,0.4,0,
2375,200,16,16,1e-05,0.5,0,
2376,200,16,16,0.0001,0.2,1,
2377,200,16,16,0.0001,0.3,1,
2378,200,16,16,0.0001,0.4,1,
2379,200,16,16,0.0001,0.5,1,
2380,200,16,16,0.0001,0.2,0,
2381,200,16,16,0.0001,0.3,0,
2382,200,16,16,0.0001,0.4,0,
2383,200,16,16,0.0001,0.5,0,
2384,200,16,16,0.001,0.2,1,
2385,200,16,16,0.001,0.3,1,
2386,200,16,16,0.001,0.4,1,
2387,200,16,16,0.001,0.5,1,
2388,200,16,16,0.001,0.2,0,
2389,200,16,16,0.001,0.3,0,
2390,200,16,16,0.001,0.4,0,
2391,200,16,16,0.001,0.5,0,
2392,200,16,16,0.01,0.2,1,
2393,200,16,16,0.01,0.3,1,
2394,200,16,16,0.01,0.4,1,
2395,200,16,16,0.01,0.5,1,
2396,200,16,16,0.01,0.2,0,
2397,200,16,16,0.01,0.3,0,
2398,200,16,16,0.01,0.4,0,
2399,200,16,16,0.01,0.5,0,
2400,200,16,32,1e-05,0.2,1,
2401,200,16,32,1e-05,0.3,1,
2402,200,16,32,1e-05,0.4,1,
2403,200,16,32,1e-05,0.5,1,
2404,200,16,32,1e-05,0.2,0,
2405,200,16,32,1e-05,0.3,0,
2406,200,16,32,1e-05,0.4,0,
2407,200,16,32,1e-05,0.5,0,
2408,200,16,32,0.0001,0.2,1,
2409,200,16,32,0.0001,0.3,1,-126.41147899570043
2410,200,16,32,0.0001,0.4,1,
2411,200,16,32,0.0001,0.5,1,
2412,200,16,32,0.0001,0.2,0,
2413,200,16,32,0.0001,0.3,0,
2414,200,16,32,0.0001,0.4,0,
2415,200,16,32,0.0001,0.5,0,
2416,200,16,32,0.001,0.2,1,
2417,200,16,32,0.001,0.3,1,
2418,200,16,32,0.001,0.4,1,-140.23991436852947
2419,200,16,32,0.001,0.5,1,
2420,200,16,32,0.001,0.2,0,
2421,200,16,32,0.001,0.3,0,
2422,200,16,32,0.001,0.4,0,
2423,200,16,32,0.001,0.5,0,
2424,200,16,32,0.01,0.2,1,
2425,200,16,32,0.01,0.3,1,
2426,200,16,32,0.01,0.4,1,
2427,200,16,32,0.01,0.5,1,
2428,200,16,32,0.01,0.2,0,
2429,200,16,32,0.01,0.3,0,
2430,200,16,32,0.01,0.4,0,
2431,200,16,32,0.01,0.5,0,
2432,200,32,4,1e-05,0.2,1,
2433,200,32,4,1e-05,0.3,1,
2434,200,32,4,1e-05,0.4,1,
2435,200,32,4,1e-05,0.5,1,
2436,200,32,4,1e-05,0.2,0,
2437,200,32,4,1e-05,0.3,0,
2438,200,32,4,1e-05,0.4,0,
2439,200,32,4,1e-05,0.5,0,-136.79456965282316
2440,200,32,4,0.0001,0.2,1,
2441,200,32,4,0.0001,0.3,1,
2442,200,32,4,0.0001,0.4,1,
2443,200,32,4,0.0001,0.5,1,
2444,200,32,4,0.0001,0.2,0,
2445,200,32,4,0.0001,0.3,0,
2446,200,32,4,0.0001,0.4,0,
2447,200,32,4,0.0001,0.5,0,-162.5315845972882
2448,200,32,4,0.001,0.2,1,
2449,200,32,4,0.001,0.3,1,
2450,200,32,4,0.001,0.4,1,
2451,200,32,4,0.001,0.5,1,
2452,200,32,4,0.001,0.2,0,
2453,200,32,4,0.001,0.3,0,
2454,200,32,4,0.001,0.4,0,
2455,200,32,4,0.001,0.5,0,
2456,200,32,4,0.01,0.2,1,
2457,200,32,4,0.01,0.3,1,
2458,200,32,4,0.01,0.4,1,
2459,200,32,4,0.01,0.5,1,
2460,200,32,4,0.01,0.2,0,
2461,200,32,4,0.01,0.3,0,
2462,200,32,4,0.01,0.4,0,
2463,200,32,4,0.01,0.5,0,
2464,200,32,8,1e-05,0.2,1,
2465,200,32,8,1e-05,0.3,1,
2466,200,32,8,1e-05,0.4,1,
2467,200,32,8,1e-05,0.5,1,
2468,200,32,8,1e-05,0.2,0,
2469,200,32,8,1e-05,0.3,0,
2470,200,32,8,1e-05,0.4,0,
2471,200,32,8,1e-05,0.5,0,
2472,200,32,8,0.0001,0.2,1,
2473,200,32,8,0.0001,0.3,1,
2474,200,32,8,0.0001,0.4,1,
2475,200,32,8,0.0001,0.5,1,
2476,200,32,8,0.0001,0.2,0,
2477,200,32,8,0.0001,0.3,0,
2478,200,32,8,0.0001,0.4,0,
2479,200,32,8,0.0001,0.5,0,
2480,200,32,8,0.001,0.2,1,
2481,200,32,8,0.001,0.3,1,
2482,200,32,8,0.001,0.4,1,
2483,200,32,8,0.001,0.5,1,
2484,200,32,8,0.001,0.2,0,
2485,200,32,8,0.001,0.3,0,
2486,200,32,8,0.001,0.4,0,
2487,200,32,8,0.001,0.5,0,
2488,200,32,8,0.01,0.2,1,
2489,200,32,8,0.01,0.3,1,
2490,200,32,8,0.01,0.4,1,
2491,200,32,8,0.01,0.5,1,
2492,200,32,8,0.01,0.2,0,
2493,200,32,8,0.01,0.3,0,-106.950527834025
2494,200,32,8,0.01,0.4,0,
2495,200,32,8,0.01,0.5,0,
2496,200,32,16,1e-05,0.2,1,
2497,200,32,16,1e-05,0.3,1,
2498,200,32,16,1e-05,0.4,1,
2499,200,32,16,1e-05,0.5,1,
2500,200,32,16,1e-05,0.2,0,
2501,200,32,16,1e-05,0.3,0,
2502,200,32,16,1e-05,0.4,0,
2503,200,32,16,1e-05,0.5,0,
2504,200,32,16,0.0001,0.2,1,
2505,200,32,16,0.0001,0.3,1,
2506,200,32,16,0.0001,0.4,1,
2507,200,32,16,0.0001,0.5,1,
2508,200,32,16,0.0001,0.2,0,
2509,200,32,16,0.0001,0.3,0,
2510,200,32,16,0.0001,0.4,0,
2511,200,32,16,0.0001,0.5,0,
2512,200,32,16,0.001,0.2,1,
2513,200,32,16,0.001,0.3,1,
2514,200,32,16,0.001,0.4,1,
2515,200,32,16,0.001,0.5,1,
2516,200,32,16,0.001,0.2,0,
2517,200,32,16,0.001,0.3,0,
2518,200,32,16,0.001,0.4,0,
2519,200,32,16,0.001,0.5,0,
2520,200,32,16,0.01,0.2,1,
2521,200,32,16,0.01,0.3,1,
2522,200,32,16,0.01,0.4,1,
2523,200,32,16,0.01,0.5,1,
2524,200,32,16,0.01,0.2,0,
2525,200,32,16,0.01,0.3,0,
2526,200,32,16,0.01,0.4,0,
2527,200,32,16,0.01,0.5,0,
2528,200,32,32,1e-05,0.2,1,
2529,200,32,32,1e-05,0.3,1,
2530,200,32,32,1e-05,0.4,1,
2531,200,32,32,1e-05,0.5,1,
2532,200,32,32,1e-05,0.2,0,
2533,200,32,32,1e-05,0.3,0,
2534,200,32,32,1e-05,0.4,0,
2535,200,32,32,1e-05,0.5,0,
2536,200,32,32,0.0001,0.2,1,
2537,200,32,32,0.0001,0.3,1,
2538,200,32,32,0.0001,0.4,1,
2539,200,32,32,0.0001,0.5,1,
2540,200,32,32,0.0001,0.2,0,
2541,200,32,32,0.0001,0.3,0,
2542,200,32,32,0.0001,0.4,0,
2543,200,32,32,0.0001,0.5,0,
2544,200,32,32,0.001,0.2,1,
2545,200,32,32,0.001,0.3,1,
2546,200,32,32,0.001,0.4,1,
2547,200,32,32,0.001,0.5,1,
2548,200,32,32,0.001,0.2,0,-165.25626812529887
2549,200,32,32,0.001,0.3,0,
2550,200,32,32,0.001,0.4,0,
2551,200,32,32,0.001,0.5,0,
2552,200,32,32,0.01,0.2,1,
2553,200,32,32,0.01,0.3,1,
2554,200,32,32,0.01,0.4,1,
2555,200,32,32,0.01,0.5,1,
2556,200,32,32,0.01,0.2,0,
2557,200,32,32,0.01,0.3,0,
2558,200,32,32,0.01,0.4,0,
2559,200,32,32,0.01,0.5,0,
